0,collagen,collagen,collagen,collagen,collagen,collagen,collagen,collagen,collagen,glycogen,glycogen,glycogen,glycogen,glycogen,glycogen,glycogen,glycogen,glycogen,glycogen,glycogen,glycogen,glycogen,glycogen,glycogen,glycogen,glycogen,glycogen,glycogen,glycogen,glycogen,glycogen,glycogen,glycogen,glycogen,glycogen,glycogen,glycogen,glycogen,glycogen,glycogen,glycogen,glycogen,glycogen,glycogen,glycogen,glycogen,glycogen,glycogen,glycogen,glycogen,glycogen,glycogen,glycogen,glycogen,glycogen,glycogen,glycogen,glycogen,glycogen,glycogen,glycogen,glycogen,glycogen,glycogen,glycogen,glycogen,glycogen,glycogen,glycogen,glycogen,glycogen,glycogen,glycogen,glycogen,glycogen,glycogen,glycogen,glycogen,glycogen,glycogen,glycogen,glycogen,glycogen,glycogen,glycogen,glycogen,glycogen,glycogen,glycogen,glycogen,glycogen,glycogen,glycogen,glycogen,glycogen,glycogen,glycogen,glycogen,glycogen,glycogen,glycogen,glycogen,lipids,lipids,lipids,lipids,lipids,lipids,lipids,lipids,lipids,lipids,lipids,lipids,lipids,lipids,lipids,lipids,lipids,lipids,lipids,lipids,lipids,lipids,lipids,lipids,lipids,lipids,lipids,lipids,lipids,lipids,lipids,DNA,DNA,DNA,DNA,DNA,DNA,DNA,DNA,DNA,DNA,DNA,DNA
1801.26,0.117,0.123,0.098,0.097,0.115,0.129,0.13,0.144,0.129,0.118,0.119,0.134,0.139,0.115,0.109,0.127,0.116,0.124,0.127,0.113,0.1,0.112,0.099,0.114,0.097,0.124,0.126,0.126,0.119,0.111,0.11,0.122,0.106,0.114,0.113,0.113,0.127,0.109,0.119,0.151,0.151,0.117,0.1,0.128,0.134,0.111,0.127,0.132,0.119,0.111,0.115,0.126,0.115,0.116,0.118,0.141,0.125,0.122,0.11,0.109,0.114,0.115,0.128,0.127,0.132,0.134,0.121,0.123,0.121,0.099,0.101,0.125,0.113,0.119,0.113,0.095,0.129,0.127,0.119,0.13,0.13,0.109,0.128,0.127,0.129,0.137,0.109,0.121,0.111,0.105,0.105,0.112,0.111,0.121,0.109,0.115,0.108,0.116,0.132,0.104,0.106,0.088,0.096,0.111,0.092,0.083,0.065,0.117,0.114,0.067,0.067,0.074,0.056,0.046,0.067,0.073,0.09,0.082,0.091,0.095,0.103,0.095,0.091,0.068,0.083,0.104,0.08,0.09,0.097,0.109,0.083,0.072,0.087,0.152,0.153,0.154,0.15,0.154,0.164,0.157,0.158,0.152,0.147,0.139,0.148
1797.41,0.118,0.124,0.099,0.098,0.116,0.13,0.131,0.145,0.129,0.119,0.12,0.135,0.14,0.116,0.11,0.128,0.117,0.125,0.128,0.114,0.1,0.113,0.1,0.115,0.098,0.125,0.127,0.127,0.12,0.111,0.111,0.122,0.107,0.115,0.114,0.114,0.128,0.11,0.12,0.152,0.152,0.118,0.101,0.129,0.135,0.112,0.128,0.133,0.12,0.111,0.116,0.127,0.116,0.117,0.118,0.142,0.126,0.123,0.111,0.11,0.115,0.116,0.129,0.128,0.132,0.135,0.122,0.124,0.121,0.099,0.101,0.125,0.114,0.12,0.114,0.097,0.13,0.128,0.12,0.131,0.131,0.11,0.128,0.128,0.13,0.138,0.11,0.122,0.112,0.106,0.106,0.112,0.111,0.122,0.11,0.116,0.108,0.117,0.132,0.105,0.107,0.089,0.097,0.111,0.091,0.083,0.065,0.117,0.115,0.067,0.066,0.074,0.057,0.047,0.068,0.074,0.09,0.082,0.09,0.094,0.102,0.095,0.092,0.069,0.083,0.105,0.08,0.09,0.098,0.109,0.083,0.073,0.088,0.154,0.153,0.154,0.152,0.155,0.164,0.158,0.16,0.153,0.147,0.14,0.149
1793.55,0.119,0.124,0.1,0.098,0.117,0.131,0.132,0.145,0.13,0.12,0.12,0.136,0.14,0.116,0.11,0.128,0.117,0.126,0.129,0.115,0.1,0.113,0.1,0.115,0.099,0.125,0.128,0.128,0.12,0.111,0.111,0.122,0.107,0.115,0.114,0.114,0.128,0.111,0.12,0.153,0.153,0.118,0.101,0.129,0.136,0.113,0.129,0.134,0.12,0.111,0.117,0.128,0.117,0.117,0.118,0.143,0.127,0.123,0.112,0.11,0.115,0.117,0.13,0.129,0.133,0.137,0.123,0.124,0.122,0.1,0.102,0.126,0.115,0.12,0.114,0.097,0.13,0.128,0.121,0.131,0.132,0.11,0.128,0.129,0.131,0.139,0.111,0.122,0.113,0.106,0.106,0.113,0.111,0.123,0.111,0.116,0.109,0.117,0.132,0.105,0.107,0.09,0.097,0.111,0.091,0.084,0.066,0.118,0.116,0.068,0.066,0.073,0.057,0.048,0.069,0.074,0.09,0.083,0.089,0.094,0.101,0.094,0.093,0.07,0.084,0.106,0.081,0.089,0.097,0.109,0.084,0.073,0.088,0.155,0.153,0.155,0.153,0.156,0.165,0.16,0.161,0.154,0.148,0.141,0.15
1789.69,0.118,0.122,0.099,0.097,0.117,0.131,0.132,0.146,0.131,0.12,0.12,0.136,0.141,0.116,0.109,0.128,0.117,0.127,0.129,0.116,0.1,0.113,0.099,0.116,0.099,0.126,0.128,0.128,0.12,0.111,0.112,0.122,0.108,0.115,0.115,0.114,0.129,0.111,0.121,0.153,0.154,0.119,0.102,0.13,0.135,0.112,0.129,0.134,0.12,0.111,0.117,0.128,0.117,0.117,0.118,0.143,0.127,0.124,0.113,0.11,0.115,0.117,0.131,0.129,0.133,0.137,0.123,0.124,0.122,0.099,0.101,0.126,0.114,0.12,0.114,0.097,0.13,0.128,0.12,0.132,0.132,0.111,0.128,0.129,0.131,0.139,0.111,0.123,0.113,0.107,0.106,0.113,0.112,0.123,0.11,0.116,0.108,0.117,0.132,0.105,0.106,0.09,0.096,0.111,0.091,0.084,0.066,0.118,0.117,0.067,0.065,0.071,0.057,0.048,0.068,0.074,0.09,0.082,0.088,0.094,0.099,0.093,0.093,0.069,0.084,0.106,0.081,0.089,0.096,0.108,0.084,0.072,0.088,0.155,0.153,0.155,0.154,0.157,0.165,0.16,0.163,0.155,0.149,0.142,0.151
1785.84,0.118,0.121,0.099,0.096,0.116,0.13,0.131,0.146,0.131,0.119,0.119,0.136,0.141,0.116,0.109,0.128,0.117,0.127,0.129,0.116,0.099,0.112,0.099,0.116,0.099,0.126,0.128,0.128,0.121,0.111,0.111,0.122,0.107,0.116,0.115,0.114,0.129,0.111,0.121,0.153,0.154,0.119,0.102,0.13,0.135,0.112,0.128,0.134,0.121,0.111,0.116,0.128,0.117,0.117,0.117,0.143,0.128,0.124,0.112,0.11,0.115,0.116,0.13,0.129,0.133,0.137,0.123,0.124,0.121,0.099,0.101,0.126,0.113,0.118,0.114,0.096,0.13,0.128,0.12,0.132,0.133,0.11,0.128,0.129,0.131,0.139,0.111,0.123,0.112,0.107,0.106,0.112,0.112,0.123,0.11,0.116,0.108,0.116,0.132,0.104,0.106,0.089,0.096,0.112,0.091,0.084,0.066,0.117,0.117,0.066,0.065,0.07,0.057,0.047,0.067,0.074,0.09,0.081,0.087,0.094,0.098,0.093,0.093,0.069,0.083,0.105,0.08,0.088,0.095,0.107,0.083,0.072,0.087,0.155,0.153,0.155,0.155,0.157,0.166,0.16,0.163,0.155,0.149,0.143,0.151
1781.98,0.118,0.121,0.099,0.096,0.117,0.132,0.133,0.147,0.132,0.12,0.12,0.137,0.142,0.118,0.11,0.13,0.118,0.128,0.13,0.117,0.1,0.113,0.1,0.118,0.1,0.127,0.129,0.13,0.122,0.112,0.112,0.123,0.108,0.117,0.116,0.115,0.13,0.111,0.122,0.155,0.156,0.121,0.103,0.132,0.136,0.113,0.129,0.135,0.122,0.112,0.118,0.13,0.118,0.118,0.118,0.144,0.129,0.125,0.113,0.112,0.116,0.117,0.131,0.13,0.134,0.138,0.125,0.126,0.122,0.1,0.102,0.127,0.114,0.119,0.115,0.097,0.131,0.129,0.121,0.133,0.134,0.111,0.129,0.13,0.132,0.141,0.112,0.124,0.113,0.108,0.107,0.112,0.112,0.125,0.11,0.117,0.108,0.117,0.133,0.105,0.107,0.09,0.096,0.113,0.092,0.085,0.066,0.118,0.118,0.068,0.065,0.07,0.057,0.049,0.068,0.075,0.091,0.082,0.087,0.094,0.096,0.092,0.095,0.07,0.084,0.106,0.081,0.089,0.096,0.107,0.084,0.073,0.087,0.156,0.153,0.156,0.156,0.158,0.167,0.161,0.164,0.156,0.15,0.144,0.152
1778.12,0.119,0.121,0.099,0.096,0.118,0.132,0.133,0.147,0.132,0.121,0.121,0.137,0.143,0.119,0.111,0.131,0.119,0.129,0.131,0.118,0.101,0.114,0.101,0.118,0.101,0.128,0.13,0.13,0.123,0.113,0.112,0.123,0.108,0.118,0.117,0.116,0.131,0.112,0.122,0.155,0.156,0.122,0.104,0.132,0.137,0.113,0.13,0.136,0.123,0.113,0.118,0.13,0.119,0.119,0.119,0.145,0.129,0.126,0.114,0.112,0.117,0.118,0.132,0.131,0.135,0.139,0.126,0.126,0.123,0.1,0.103,0.127,0.114,0.119,0.115,0.097,0.132,0.13,0.122,0.134,0.135,0.113,0.13,0.131,0.133,0.142,0.113,0.125,0.113,0.109,0.108,0.113,0.113,0.126,0.111,0.118,0.109,0.117,0.133,0.105,0.108,0.091,0.097,0.113,0.093,0.086,0.068,0.119,0.119,0.069,0.066,0.07,0.058,0.05,0.069,0.076,0.091,0.083,0.087,0.094,0.095,0.092,0.097,0.072,0.085,0.107,0.082,0.09,0.096,0.108,0.085,0.075,0.088,0.157,0.152,0.157,0.157,0.159,0.167,0.163,0.165,0.157,0.151,0.145,0.154
1774.26,0.121,0.122,0.101,0.097,0.121,0.135,0.136,0.148,0.133,0.124,0.123,0.139,0.146,0.121,0.114,0.133,0.121,0.131,0.134,0.12,0.103,0.116,0.103,0.12,0.102,0.13,0.133,0.132,0.125,0.115,0.114,0.124,0.111,0.12,0.119,0.119,0.134,0.114,0.124,0.158,0.158,0.123,0.105,0.134,0.14,0.115,0.132,0.139,0.125,0.115,0.121,0.132,0.122,0.121,0.121,0.147,0.131,0.128,0.116,0.114,0.119,0.12,0.135,0.133,0.136,0.142,0.128,0.128,0.125,0.103,0.106,0.13,0.117,0.122,0.118,0.1,0.135,0.133,0.124,0.136,0.138,0.115,0.131,0.134,0.136,0.144,0.115,0.127,0.116,0.112,0.11,0.116,0.115,0.128,0.113,0.119,0.11,0.119,0.134,0.106,0.109,0.095,0.099,0.116,0.096,0.09,0.071,0.121,0.122,0.073,0.068,0.071,0.062,0.054,0.072,0.079,0.094,0.086,0.088,0.096,0.096,0.093,0.101,0.076,0.087,0.109,0.084,0.093,0.097,0.109,0.088,0.08,0.09,0.16,0.153,0.16,0.16,0.161,0.169,0.166,0.168,0.159,0.153,0.148,0.156
1770.41,0.122,0.123,0.102,0.098,0.122,0.135,0.138,0.148,0.134,0.126,0.125,0.141,0.148,0.123,0.116,0.135,0.123,0.133,0.135,0.122,0.104,0.118,0.104,0.122,0.104,0.132,0.135,0.134,0.126,0.116,0.115,0.125,0.112,0.121,0.121,0.12,0.136,0.116,0.125,0.159,0.159,0.124,0.107,0.135,0.141,0.116,0.133,0.141,0.126,0.116,0.122,0.134,0.123,0.122,0.122,0.148,0.132,0.128,0.118,0.115,0.12,0.122,0.136,0.135,0.138,0.143,0.129,0.13,0.127,0.105,0.107,0.132,0.119,0.123,0.119,0.102,0.137,0.135,0.126,0.137,0.14,0.117,0.133,0.135,0.137,0.145,0.117,0.129,0.117,0.114,0.112,0.117,0.117,0.131,0.114,0.12,0.111,0.12,0.135,0.107,0.11,0.097,0.104,0.122,0.103,0.095,0.077,0.125,0.127,0.078,0.074,0.075,0.067,0.061,0.077,0.083,0.099,0.09,0.093,0.1,0.1,0.097,0.108,0.082,0.092,0.113,0.09,0.1,0.1,0.112,0.094,0.086,0.094,0.163,0.153,0.163,0.163,0.163,0.171,0.169,0.17,0.161,0.155,0.151,0.159
