0,collagen,collagen,collagen,collagen,collagen,glycogen,glycogen,glycogen,glycogen,glycogen,glycogen,glycogen,glycogen,glycogen,glycogen,glycogen,glycogen,glycogen,glycogen,glycogen,glycogen,glycogen,lipids,lipids,lipids,lipids,lipids,lipids,lipids,lipids,lipids,lipids,DNA,DNA,DNA,DNA,DNA,DNA,DNA
1801.26,0.117,0.123,0.098,0.097,0.115,0.119,0.134,0.139,0.115,0.109,0.097,0.106,0.127,0.126,0.126,0.119,0.111,0.11,0.122,0.106,0.114,0.113,0.053,0.064,0.111,0.102,0.097,0.098,0.115,0.098,0.1,0.112,0.143,0.122,0.149,0.148,0.152,0.139,0.117
1797.41,0.118,0.124,0.099,0.098,0.116,0.12,0.135,0.14,0.116,0.11,0.099,0.107,0.127,0.127,0.127,0.12,0.111,0.111,0.122,0.107,0.115,0.114,0.053,0.063,0.111,0.103,0.097,0.098,0.115,0.098,0.1,0.113,0.144,0.123,0.149,0.149,0.153,0.14,0.118
1793.55,0.119,0.124,0.1,0.098,0.117,0.12,0.136,0.14,0.116,0.11,0.099,0.108,0.127,0.128,0.128,0.12,0.111,0.111,0.122,0.107,0.115,0.114,0.053,0.062,0.112,0.104,0.098,0.099,0.115,0.098,0.1,0.114,0.144,0.124,0.15,0.15,0.154,0.14,0.119
1789.69,0.118,0.122,0.099,0.097,0.117,0.12,0.136,0.141,0.116,0.109,0.099,0.108,0.128,0.128,0.128,0.12,0.111,0.112,0.122,0.108,0.115,0.115,0.052,0.062,0.111,0.104,0.098,0.098,0.114,0.097,0.099,0.114,0.145,0.124,0.151,0.151,0.155,0.141,0.12
1785.84,0.118,0.121,0.099,0.096,0.116,0.119,0.136,0.141,0.116,0.109,0.099,0.107,0.128,0.128,0.128,0.121,0.111,0.111,0.122,0.107,0.116,0.115,0.051,0.061,0.111,0.104,0.098,0.098,0.113,0.096,0.099,0.114,0.146,0.125,0.151,0.151,0.155,0.141,0.12
1781.98,0.118,0.121,0.099,0.096,0.117,0.12,0.137,0.142,0.118,0.11,0.1,0.108,0.129,0.129,0.13,0.122,0.112,0.112,0.123,0.108,0.117,0.116,0.05,0.061,0.112,0.106,0.098,0.099,0.113,0.096,0.099,0.114,0.147,0.126,0.152,0.153,0.157,0.143,0.122
1778.12,0.119,0.121,0.099,0.096,0.118,0.121,0.137,0.143,0.119,0.111,0.102,0.109,0.13,0.13,0.13,0.123,0.113,0.112,0.123,0.108,0.118,0.117,0.05,0.061,0.114,0.108,0.099,0.099,0.113,0.096,0.099,0.116,0.148,0.127,0.153,0.154,0.158,0.144,0.123
1774.26,0.121,0.122,0.101,0.097,0.121,0.123,0.139,0.146,0.121,0.114,0.104,0.112,0.131,0.133,0.132,0.125,0.115,0.114,0.124,0.111,0.12,0.119,0.052,0.062,0.116,0.112,0.102,0.101,0.115,0.097,0.101,0.119,0.149,0.129,0.155,0.156,0.16,0.146,0.125
1770.41,0.122,0.123,0.102,0.098,0.122,0.125,0.141,0.148,0.123,0.116,0.106,0.113,0.133,0.135,0.134,0.126,0.116,0.115,0.125,0.112,0.121,0.121,0.056,0.066,0.123,0.122,0.107,0.106,0.119,0.1,0.106,0.123,0.152,0.132,0.157,0.158,0.162,0.148,0.129
1766.55,0.122,0.121,0.101,0.097,0.121,0.127,0.143,0.149,0.125,0.116,0.108,0.115,0.134,0.136,0.135,0.127,0.117,0.116,0.127,0.112,0.122,0.122,0.062,0.076,0.136,0.136,0.115,0.114,0.125,0.107,0.113,0.129,0.155,0.135,0.16,0.162,0.166,0.152,0.133
1762.69,0.123,0.121,0.102,0.097,0.122,0.13,0.146,0.155,0.131,0.121,0.113,0.119,0.138,0.139,0.138,0.13,0.119,0.119,0.129,0.115,0.125,0.124,0.081,0.098,0.165,0.167,0.135,0.133,0.141,0.123,0.132,0.144,0.161,0.141,0.166,0.168,0.173,0.159,0.142
1758.84,0.126,0.123,0.105,0.099,0.125,0.139,0.155,0.166,0.142,0.132,0.124,0.129,0.145,0.147,0.144,0.135,0.125,0.125,0.135,0.121,0.131,0.13,0.125,0.147,0.226,0.233,0.179,0.175,0.179,0.163,0.178,0.179,0.174,0.153,0.177,0.182,0.187,0.173,0.159
1754.98,0.13,0.125,0.109,0.102,0.129,0.151,0.168,0.18,0.158,0.147,0.138,0.142,0.155,0.156,0.152,0.143,0.132,0.133,0.143,0.128,0.139,0.138,0.191,0.218,0.311,0.326,0.243,0.236,0.235,0.222,0.245,0.231,0.19,0.17,0.193,0.2,0.206,0.193,0.184
1751.12,0.137,0.132,0.115,0.108,0.136,0.17,0.186,0.201,0.179,0.169,0.159,0.162,0.171,0.171,0.163,0.154,0.144,0.145,0.156,0.14,0.151,0.15,0.28,0.312,0.413,0.44,0.325,0.313,0.309,0.299,0.332,0.3,0.214,0.193,0.216,0.225,0.233,0.221,0.217
1747.27,0.143,0.138,0.121,0.114,0.142,0.187,0.202,0.221,0.2,0.19,0.178,0.18,0.186,0.187,0.177,0.167,0.157,0.159,0.17,0.155,0.164,0.164,0.38,0.416,0.517,0.555,0.413,0.395,0.388,0.382,0.425,0.373,0.238,0.216,0.239,0.25,0.26,0.248,0.25
1743.41,0.148,0.143,0.125,0.118,0.147,0.194,0.209,0.228,0.208,0.198,0.185,0.188,0.194,0.195,0.186,0.175,0.165,0.169,0.18,0.163,0.172,0.172,0.433,0.469,0.563,0.596,0.454,0.436,0.43,0.423,0.467,0.406,0.25,0.227,0.251,0.262,0.273,0.261,0.263
1739.55,0.151,0.145,0.128,0.12,0.15,0.193,0.208,0.226,0.205,0.196,0.183,0.186,0.194,0.197,0.19,0.178,0.168,0.173,0.184,0.165,0.176,0.175,0.423,0.456,0.541,0.557,0.442,0.429,0.427,0.418,0.452,0.394,0.25,0.227,0.25,0.261,0.272,0.258,0.258
1735.69,0.154,0.147,0.131,0.124,0.153,0.188,0.204,0.222,0.198,0.19,0.179,0.182,0.192,0.197,0.191,0.179,0.17,0.174,0.185,0.167,0.177,0.175,0.369,0.398,0.475,0.475,0.394,0.386,0.387,0.379,0.4,0.356,0.245,0.221,0.244,0.253,0.264,0.25,0.244
1731.84,0.156,0.146,0.131,0.122,0.153,0.181,0.196,0.213,0.187,0.18,0.17,0.172,0.186,0.191,0.187,0.176,0.168,0.171,0.181,0.163,0.173,0.171,0.307,0.331,0.404,0.397,0.34,0.333,0.337,0.33,0.342,0.313,0.235,0.211,0.235,0.243,0.253,0.238,0.228
1727.98,0.158,0.146,0.133,0.122,0.154,0.177,0.191,0.205,0.181,0.173,0.164,0.166,0.183,0.187,0.185,0.174,0.165,0.17,0.178,0.16,0.171,0.169,0.282,0.302,0.373,0.364,0.318,0.312,0.316,0.309,0.318,0.293,0.231,0.207,0.232,0.239,0.249,0.233,0.22
1724.12,0.162,0.147,0.135,0.123,0.158,0.174,0.189,0.202,0.178,0.169,0.162,0.163,0.182,0.186,0.184,0.174,0.164,0.169,0.177,0.16,0.171,0.168,0.259,0.276,0.34,0.331,0.298,0.292,0.297,0.291,0.297,0.279,0.228,0.205,0.229,0.237,0.246,0.23,0.215
1720.27,0.169,0.152,0.143,0.13,0.165,0.177,0.19,0.205,0.18,0.172,0.164,0.166,0.185,0.189,0.187,0.177,0.169,0.173,0.179,0.164,0.174,0.17,0.235,0.25,0.308,0.3,0.279,0.271,0.279,0.273,0.277,0.268,0.23,0.206,0.23,0.238,0.247,0.231,0.214
1716.41,0.182,0.162,0.157,0.14,0.179,0.183,0.195,0.21,0.184,0.178,0.171,0.172,0.19,0.196,0.193,0.184,0.177,0.179,0.183,0.171,0.18,0.176,0.217,0.231,0.283,0.278,0.265,0.255,0.264,0.261,0.262,0.261,0.234,0.211,0.234,0.242,0.251,0.235,0.218
1712.55,0.2,0.175,0.173,0.152,0.196,0.189,0.201,0.215,0.191,0.183,0.177,0.179,0.198,0.202,0.2,0.192,0.184,0.186,0.189,0.178,0.188,0.184,0.212,0.226,0.276,0.273,0.265,0.253,0.263,0.26,0.26,0.26,0.243,0.22,0.243,0.252,0.26,0.245,0.226
1708.69,0.219,0.191,0.191,0.167,0.215,0.197,0.208,0.222,0.199,0.191,0.185,0.188,0.206,0.211,0.209,0.201,0.192,0.194,0.197,0.187,0.197,0.193,0.216,0.229,0.277,0.276,0.271,0.258,0.268,0.265,0.264,0.265,0.253,0.231,0.253,0.262,0.27,0.256,0.236
1704.84,0.252,0.218,0.224,0.195,0.248,0.214,0.223,0.239,0.217,0.21,0.204,0.207,0.223,0.23,0.226,0.218,0.211,0.211,0.213,0.206,0.214,0.21,0.231,0.242,0.287,0.289,0.287,0.272,0.283,0.281,0.278,0.282,0.272,0.252,0.273,0.282,0.288,0.276,0.257
1700.98,0.297,0.257,0.27,0.235,0.294,0.239,0.248,0.265,0.244,0.239,0.232,0.237,0.25,0.259,0.252,0.246,0.241,0.239,0.237,0.235,0.241,0.236,0.255,0.266,0.306,0.312,0.315,0.297,0.308,0.306,0.303,0.309,0.303,0.283,0.304,0.312,0.317,0.308,0.288
1697.12,0.368,0.318,0.339,0.295,0.364,0.285,0.29,0.31,0.293,0.287,0.283,0.289,0.298,0.309,0.299,0.296,0.29,0.289,0.28,0.285,0.289,0.284,0.302,0.312,0.345,0.359,0.368,0.347,0.359,0.358,0.353,0.358,0.359,0.341,0.361,0.367,0.372,0.367,0.347
1693.27,0.429,0.367,0.394,0.343,0.421,0.326,0.329,0.349,0.338,0.328,0.327,0.335,0.342,0.357,0.343,0.342,0.335,0.332,0.32,0.329,0.333,0.327,0.345,0.355,0.382,0.402,0.413,0.392,0.404,0.405,0.398,0.402,0.412,0.395,0.413,0.418,0.423,0.421,0.401
1689.41,0.479,0.409,0.44,0.384,0.469,0.363,0.363,0.386,0.377,0.367,0.367,0.377,0.381,0.399,0.382,0.381,0.374,0.371,0.354,0.369,0.372,0.364,0.383,0.395,0.415,0.439,0.452,0.432,0.444,0.446,0.437,0.443,0.458,0.441,0.458,0.461,0.467,0.468,0.447
1685.55,0.546,0.463,0.503,0.439,0.535,0.413,0.411,0.436,0.428,0.42,0.422,0.433,0.431,0.454,0.432,0.433,0.428,0.421,0.4,0.422,0.422,0.414,0.432,0.443,0.457,0.487,0.505,0.481,0.495,0.497,0.489,0.498,0.516,0.5,0.517,0.517,0.522,0.528,0.506
1681.69,0.638,0.535,0.585,0.508,0.623,0.477,0.473,0.501,0.494,0.486,0.489,0.503,0.497,0.525,0.498,0.5,0.494,0.486,0.457,0.489,0.487,0.478,0.493,0.505,0.511,0.547,0.572,0.546,0.562,0.565,0.557,0.566,0.594,0.58,0.596,0.593,0.595,0.607,0.583
1677.84,0.702,0.585,0.636,0.553,0.682,0.518,0.513,0.543,0.537,0.528,0.532,0.549,0.541,0.572,0.543,0.544,0.536,0.529,0.493,0.531,0.53,0.52,0.534,0.545,0.545,0.587,0.617,0.588,0.608,0.611,0.602,0.61,0.647,0.633,0.65,0.645,0.646,0.662,0.634
1673.98,0.768,0.642,0.689,0.603,0.741,0.567,0.559,0.592,0.586,0.578,0.581,0.6,0.592,0.627,0.595,0.595,0.585,0.575,0.535,0.578,0.578,0.568,0.583,0.591,0.587,0.634,0.668,0.636,0.659,0.663,0.653,0.664,0.708,0.692,0.713,0.704,0.704,0.724,0.692
1670.12,0.838,0.708,0.747,0.661,0.803,0.628,0.618,0.652,0.648,0.639,0.641,0.663,0.655,0.697,0.658,0.655,0.643,0.632,0.583,0.634,0.637,0.626,0.646,0.652,0.64,0.694,0.732,0.695,0.722,0.727,0.718,0.736,0.787,0.767,0.796,0.782,0.78,0.805,0.765
1666.27,0.887,0.766,0.789,0.714,0.844,0.683,0.676,0.711,0.703,0.693,0.696,0.717,0.713,0.758,0.718,0.707,0.691,0.684,0.629,0.684,0.688,0.679,0.709,0.712,0.691,0.752,0.794,0.753,0.785,0.79,0.783,0.805,0.865,0.835,0.879,0.859,0.857,0.885,0.833
1662.41,0.912,0.818,0.814,0.759,0.864,0.724,0.723,0.764,0.743,0.734,0.734,0.754,0.758,0.803,0.764,0.74,0.721,0.725,0.668,0.72,0.725,0.719,0.763,0.762,0.736,0.802,0.847,0.803,0.84,0.843,0.84,0.866,0.929,0.883,0.956,0.921,0.922,0.952,0.884
1658.55,0.915,0.86,0.824,0.796,0.866,0.744,0.751,0.798,0.762,0.756,0.752,0.768,0.781,0.826,0.79,0.751,0.732,0.75,0.694,0.735,0.741,0.739,0.802,0.796,0.769,0.836,0.881,0.837,0.877,0.877,0.879,0.912,0.967,0.899,1.011,0.954,0.962,0.991,0.908
1654.69,0.894,0.884,0.821,0.822,0.849,0.733,0.746,0.798,0.752,0.751,0.742,0.754,0.767,0.813,0.776,0.73,0.718,0.748,0.698,0.724,0.725,0.728,0.809,0.802,0.775,0.838,0.876,0.836,0.876,0.873,0.882,0.919,0.951,0.865,1.018,0.935,0.949,0.978,0.888
1650.84,0.845,0.894,0.801,0.836,0.808,0.69,0.708,0.763,0.712,0.712,0.701,0.708,0.716,0.76,0.728,0.678,0.671,0.719,0.683,0.685,0.676,0.684,0.783,0.776,0.754,0.808,0.834,0.8,0.84,0.833,0.85,0.883,0.889,0.787,0.978,0.868,0.894,0.919,0.825
1646.98,0.804,0.886,0.779,0.827,0.771,0.649,0.669,0.724,0.674,0.672,0.662,0.669,0.673,0.71,0.686,0.634,0.629,0.686,0.663,0.649,0.633,0.645,0.747,0.738,0.724,0.767,0.79,0.763,0.8,0.789,0.808,0.834,0.833,0.73,0.927,0.812,0.84,0.863,0.773
1643.12,0.765,0.868,0.756,0.813,0.734,0.61,0.635,0.688,0.639,0.636,0.627,0.633,0.637,0.666,0.646,0.595,0.592,0.655,0.641,0.616,0.595,0.61,0.712,0.705,0.694,0.728,0.748,0.73,0.764,0.746,0.767,0.788,0.782,0.682,0.877,0.763,0.79,0.812,0.725
1639.27,0.734,0.851,0.739,0.798,0.707,0.582,0.608,0.659,0.611,0.61,0.601,0.607,0.608,0.634,0.615,0.568,0.566,0.63,0.622,0.591,0.566,0.582,0.684,0.679,0.67,0.698,0.714,0.704,0.734,0.713,0.734,0.753,0.742,0.645,0.835,0.722,0.751,0.771,0.689
1635.41,0.678,0.811,0.7,0.765,0.657,0.531,0.555,0.604,0.558,0.558,0.55,0.554,0.552,0.574,0.557,0.516,0.516,0.58,0.58,0.541,0.514,0.529,0.625,0.624,0.619,0.64,0.649,0.649,0.674,0.651,0.671,0.687,0.669,0.579,0.756,0.648,0.677,0.694,0.622
1631.55,0.625,0.762,0.657,0.725,0.604,0.482,0.506,0.549,0.508,0.505,0.5,0.503,0.501,0.52,0.506,0.468,0.469,0.531,0.538,0.493,0.467,0.479,0.564,0.566,0.565,0.581,0.585,0.594,0.616,0.591,0.608,0.62,0.604,0.522,0.682,0.585,0.611,0.624,0.56
1627.69,0.574,0.71,0.61,0.68,0.554,0.441,0.464,0.503,0.464,0.462,0.457,0.458,0.459,0.476,0.463,0.427,0.429,0.486,0.498,0.451,0.427,0.438,0.508,0.509,0.517,0.527,0.528,0.541,0.563,0.537,0.55,0.563,0.551,0.476,0.619,0.533,0.556,0.565,0.508
1623.84,0.516,0.647,0.553,0.62,0.5,0.4,0.422,0.457,0.418,0.416,0.411,0.411,0.416,0.43,0.419,0.387,0.388,0.438,0.451,0.406,0.385,0.395,0.447,0.448,0.464,0.469,0.467,0.484,0.504,0.479,0.488,0.504,0.497,0.429,0.554,0.48,0.501,0.506,0.455
1619.98,0.47,0.59,0.502,0.566,0.454,0.368,0.39,0.421,0.382,0.381,0.375,0.375,0.383,0.394,0.385,0.357,0.356,0.4,0.413,0.37,0.354,0.363,0.398,0.4,0.421,0.425,0.419,0.438,0.457,0.432,0.438,0.458,0.456,0.393,0.506,0.441,0.459,0.462,0.415
1616.12,0.432,0.541,0.459,0.517,0.417,0.343,0.365,0.392,0.353,0.353,0.345,0.347,0.356,0.367,0.36,0.333,0.33,0.368,0.38,0.341,0.33,0.338,0.359,0.359,0.385,0.389,0.382,0.401,0.419,0.394,0.397,0.419,0.425,0.366,0.468,0.41,0.428,0.429,0.384
1612.27,0.402,0.5,0.424,0.477,0.388,0.323,0.345,0.368,0.331,0.33,0.322,0.324,0.336,0.346,0.339,0.314,0.31,0.344,0.353,0.318,0.311,0.318,0.327,0.326,0.357,0.36,0.352,0.371,0.388,0.364,0.363,0.389,0.4,0.345,0.438,0.387,0.404,0.403,0.36
1608.41,0.383,0.473,0.401,0.449,0.372,0.311,0.333,0.354,0.319,0.316,0.308,0.31,0.325,0.333,0.328,0.304,0.298,0.329,0.336,0.304,0.3,0.306,0.307,0.304,0.339,0.341,0.333,0.353,0.367,0.345,0.341,0.37,0.385,0.333,0.42,0.374,0.389,0.387,0.346
1604.55,0.37,0.45,0.384,0.426,0.36,0.302,0.324,0.343,0.308,0.306,0.297,0.3,0.316,0.324,0.32,0.296,0.288,0.316,0.322,0.293,0.292,0.297,0.291,0.286,0.324,0.327,0.318,0.337,0.352,0.33,0.324,0.356,0.375,0.324,0.406,0.364,0.379,0.376,0.336
1600.69,0.366,0.437,0.376,0.412,0.356,0.299,0.32,0.339,0.304,0.301,0.292,0.296,0.312,0.322,0.317,0.294,0.285,0.31,0.315,0.289,0.29,0.294,0.283,0.277,0.316,0.321,0.312,0.33,0.344,0.323,0.315,0.35,0.372,0.323,0.401,0.361,0.375,0.372,0.333
1596.84,0.366,0.43,0.373,0.404,0.356,0.297,0.318,0.337,0.303,0.3,0.29,0.294,0.311,0.321,0.316,0.294,0.284,0.307,0.311,0.288,0.289,0.293,0.279,0.271,0.313,0.319,0.309,0.326,0.34,0.319,0.31,0.346,0.371,0.323,0.4,0.361,0.375,0.372,0.332
1592.98,0.371,0.428,0.376,0.401,0.362,0.298,0.319,0.339,0.305,0.301,0.291,0.295,0.313,0.324,0.318,0.296,0.286,0.308,0.309,0.289,0.292,0.295,0.279,0.27,0.314,0.32,0.31,0.326,0.34,0.32,0.31,0.347,0.375,0.328,0.403,0.365,0.379,0.375,0.336
1589.12,0.379,0.428,0.382,0.402,0.371,0.301,0.321,0.341,0.307,0.303,0.293,0.298,0.316,0.327,0.322,0.3,0.289,0.309,0.309,0.291,0.296,0.298,0.28,0.269,0.315,0.322,0.312,0.328,0.341,0.322,0.311,0.35,0.38,0.334,0.408,0.371,0.384,0.381,0.342
1585.27,0.393,0.434,0.394,0.407,0.385,0.307,0.326,0.346,0.314,0.308,0.299,0.304,0.323,0.335,0.329,0.306,0.295,0.314,0.313,0.296,0.302,0.305,0.285,0.273,0.32,0.328,0.319,0.334,0.347,0.328,0.316,0.357,0.389,0.344,0.417,0.38,0.392,0.39,0.351
1581.41,0.409,0.443,0.409,0.415,0.401,0.314,0.333,0.353,0.321,0.316,0.305,0.312,0.33,0.343,0.336,0.314,0.303,0.321,0.318,0.304,0.31,0.312,0.292,0.279,0.327,0.336,0.327,0.342,0.355,0.335,0.323,0.365,0.399,0.354,0.427,0.39,0.402,0.401,0.361
1577.55,0.434,0.46,0.432,0.432,0.426,0.326,0.344,0.366,0.333,0.329,0.317,0.326,0.342,0.357,0.348,0.326,0.316,0.331,0.327,0.317,0.322,0.324,0.304,0.29,0.339,0.349,0.34,0.353,0.366,0.348,0.335,0.379,0.414,0.37,0.442,0.406,0.418,0.416,0.377
1573.69,0.466,0.483,0.462,0.454,0.458,0.341,0.358,0.382,0.348,0.344,0.332,0.342,0.358,0.374,0.363,0.342,0.331,0.345,0.339,0.332,0.337,0.339,0.319,0.304,0.353,0.365,0.357,0.369,0.382,0.363,0.35,0.397,0.434,0.389,0.462,0.426,0.438,0.436,0.397
1569.84,0.5,0.509,0.493,0.478,0.491,0.358,0.374,0.399,0.366,0.36,0.349,0.36,0.376,0.393,0.382,0.36,0.348,0.362,0.354,0.348,0.354,0.356,0.338,0.321,0.37,0.385,0.377,0.388,0.402,0.384,0.37,0.416,0.456,0.412,0.487,0.449,0.461,0.46,0.421
1565.98,0.537,0.538,0.524,0.506,0.525,0.378,0.392,0.42,0.387,0.38,0.37,0.381,0.396,0.417,0.403,0.38,0.367,0.382,0.372,0.368,0.374,0.376,0.36,0.341,0.39,0.407,0.4,0.41,0.425,0.407,0.393,0.44,0.483,0.438,0.516,0.476,0.486,0.488,0.448
1562.12,0.565,0.564,0.551,0.532,0.552,0.398,0.412,0.443,0.409,0.402,0.391,0.405,0.417,0.44,0.423,0.4,0.387,0.401,0.388,0.389,0.394,0.396,0.384,0.364,0.411,0.43,0.424,0.433,0.448,0.43,0.416,0.466,0.509,0.463,0.542,0.501,0.511,0.514,0.474
1558.27,0.603,0.609,0.587,0.576,0.59,0.44,0.451,0.488,0.45,0.445,0.433,0.448,0.459,0.484,0.463,0.439,0.427,0.439,0.421,0.428,0.432,0.434,0.433,0.41,0.454,0.478,0.472,0.478,0.495,0.477,0.465,0.519,0.56,0.512,0.595,0.551,0.561,0.567,0.526
1554.41,0.633,0.652,0.613,0.611,0.615,0.475,0.488,0.523,0.488,0.479,0.468,0.484,0.498,0.524,0.502,0.474,0.459,0.477,0.457,0.462,0.467,0.47,0.481,0.455,0.496,0.525,0.52,0.526,0.545,0.527,0.515,0.569,0.615,0.562,0.657,0.604,0.615,0.624,0.578
1550.55,0.638,0.674,0.62,0.631,0.619,0.491,0.506,0.542,0.505,0.495,0.484,0.5,0.516,0.543,0.52,0.489,0.472,0.496,0.476,0.476,0.483,0.488,0.508,0.48,0.52,0.55,0.545,0.551,0.573,0.553,0.542,0.595,0.643,0.584,0.691,0.63,0.643,0.654,0.602
1546.7,0.634,0.687,0.62,0.646,0.615,0.499,0.517,0.555,0.512,0.505,0.494,0.508,0.524,0.55,0.528,0.494,0.479,0.506,0.488,0.484,0.49,0.496,0.525,0.495,0.535,0.567,0.561,0.567,0.589,0.568,0.56,0.612,0.656,0.59,0.711,0.641,0.657,0.667,0.611
1542.84,0.613,0.687,0.607,0.65,0.596,0.493,0.513,0.556,0.505,0.503,0.49,0.502,0.516,0.542,0.519,0.484,0.472,0.501,0.486,0.481,0.48,0.488,0.526,0.494,0.534,0.565,0.557,0.563,0.584,0.561,0.558,0.611,0.643,0.573,0.703,0.627,0.646,0.653,0.597
1538.98,0.575,0.671,0.579,0.636,0.558,0.467,0.487,0.53,0.479,0.477,0.463,0.473,0.488,0.51,0.492,0.456,0.445,0.48,0.47,0.455,0.453,0.463,0.503,0.471,0.513,0.539,0.528,0.54,0.558,0.533,0.533,0.583,0.606,0.534,0.67,0.591,0.613,0.617,0.561
1535.12,0.546,0.652,0.553,0.617,0.529,0.443,0.465,0.504,0.456,0.45,0.437,0.446,0.466,0.483,0.47,0.433,0.422,0.46,0.453,0.431,0.431,0.44,0.476,0.447,0.492,0.513,0.499,0.517,0.531,0.508,0.506,0.553,0.579,0.507,0.642,0.563,0.585,0.588,0.532
1531.27,0.519,0.632,0.529,0.597,0.504,0.422,0.446,0.481,0.434,0.427,0.414,0.423,0.444,0.459,0.448,0.412,0.4,0.439,0.434,0.41,0.411,0.419,0.448,0.422,0.469,0.487,0.471,0.492,0.505,0.48,0.479,0.525,0.549,0.48,0.61,0.534,0.557,0.559,0.503
1527.41,0.493,0.609,0.505,0.577,0.479,0.404,0.427,0.46,0.414,0.406,0.395,0.404,0.424,0.437,0.426,0.393,0.381,0.419,0.416,0.391,0.391,0.4,0.424,0.399,0.447,0.462,0.444,0.468,0.479,0.452,0.451,0.499,0.522,0.455,0.578,0.508,0.529,0.53,0.477
1523.55,0.469,0.585,0.482,0.556,0.457,0.389,0.41,0.443,0.395,0.391,0.378,0.386,0.406,0.418,0.408,0.377,0.366,0.401,0.4,0.375,0.375,0.383,0.403,0.378,0.426,0.44,0.421,0.445,0.455,0.427,0.426,0.474,0.496,0.432,0.548,0.483,0.503,0.503,0.454
1519.7,0.443,0.561,0.457,0.532,0.432,0.371,0.391,0.424,0.376,0.373,0.36,0.365,0.385,0.398,0.39,0.358,0.348,0.38,0.382,0.357,0.358,0.365,0.38,0.352,0.404,0.418,0.396,0.423,0.431,0.403,0.402,0.447,0.47,0.409,0.519,0.458,0.479,0.475,0.429
1515.84,0.419,0.537,0.433,0.508,0.408,0.352,0.373,0.403,0.356,0.353,0.34,0.344,0.366,0.377,0.371,0.34,0.329,0.361,0.364,0.338,0.339,0.346,0.356,0.329,0.383,0.394,0.372,0.401,0.407,0.379,0.377,0.421,0.446,0.387,0.491,0.434,0.455,0.45,0.405
1511.98,0.397,0.513,0.411,0.486,0.387,0.335,0.356,0.384,0.337,0.335,0.322,0.326,0.348,0.358,0.352,0.323,0.311,0.343,0.346,0.32,0.322,0.328,0.333,0.307,0.362,0.371,0.348,0.379,0.384,0.355,0.352,0.398,0.421,0.365,0.464,0.411,0.431,0.426,0.382
1508.12,0.369,0.48,0.383,0.454,0.361,0.315,0.335,0.362,0.314,0.315,0.301,0.303,0.326,0.335,0.329,0.302,0.291,0.319,0.323,0.298,0.301,0.306,0.304,0.278,0.335,0.341,0.317,0.348,0.352,0.323,0.318,0.367,0.39,0.338,0.426,0.381,0.399,0.392,0.353
1504.27,0.335,0.438,0.347,0.413,0.327,0.288,0.309,0.332,0.286,0.286,0.273,0.274,0.299,0.306,0.302,0.277,0.266,0.292,0.297,0.271,0.275,0.28,0.265,0.243,0.303,0.303,0.281,0.315,0.316,0.286,0.281,0.329,0.357,0.309,0.388,0.348,0.365,0.356,0.32
1500.41,0.32,0.417,0.33,0.393,0.311,0.277,0.298,0.318,0.273,0.273,0.26,0.26,0.287,0.293,0.292,0.266,0.255,0.279,0.284,0.259,0.265,0.269,0.248,0.227,0.288,0.286,0.264,0.3,0.299,0.271,0.264,0.311,0.342,0.297,0.371,0.334,0.351,0.34,0.305
1496.55,0.302,0.393,0.31,0.37,0.294,0.265,0.285,0.303,0.259,0.259,0.246,0.246,0.274,0.278,0.279,0.254,0.243,0.265,0.27,0.246,0.253,0.256,0.229,0.208,0.27,0.267,0.245,0.281,0.279,0.251,0.243,0.292,0.324,0.282,0.35,0.317,0.332,0.321,0.288
1492.7,0.288,0.371,0.294,0.352,0.28,0.254,0.275,0.291,0.248,0.248,0.236,0.236,0.263,0.267,0.267,0.244,0.233,0.254,0.258,0.235,0.243,0.246,0.213,0.194,0.255,0.25,0.229,0.265,0.262,0.234,0.225,0.276,0.309,0.269,0.332,0.302,0.317,0.305,0.273
1488.84,0.276,0.353,0.281,0.334,0.269,0.245,0.265,0.281,0.237,0.238,0.226,0.226,0.253,0.257,0.258,0.235,0.225,0.243,0.247,0.227,0.234,0.237,0.197,0.179,0.241,0.235,0.214,0.249,0.246,0.217,0.208,0.261,0.295,0.257,0.314,0.288,0.303,0.29,0.26
1484.98,0.272,0.342,0.275,0.322,0.264,0.24,0.26,0.273,0.231,0.232,0.22,0.219,0.247,0.25,0.253,0.23,0.219,0.237,0.24,0.221,0.229,0.232,0.188,0.17,0.233,0.227,0.205,0.24,0.236,0.208,0.198,0.25,0.287,0.252,0.305,0.281,0.295,0.282,0.253
1481.12,0.275,0.34,0.277,0.319,0.266,0.24,0.26,0.273,0.232,0.232,0.221,0.219,0.247,0.251,0.253,0.231,0.22,0.236,0.239,0.221,0.23,0.233,0.188,0.169,0.234,0.227,0.205,0.239,0.234,0.206,0.196,0.248,0.287,0.253,0.303,0.281,0.295,0.281,0.254
1477.27,0.284,0.347,0.287,0.325,0.277,0.247,0.267,0.28,0.239,0.241,0.229,0.227,0.253,0.258,0.26,0.238,0.227,0.242,0.244,0.228,0.237,0.24,0.2,0.18,0.247,0.241,0.217,0.248,0.242,0.215,0.206,0.257,0.293,0.26,0.309,0.288,0.301,0.288,0.263
1473.41,0.304,0.363,0.306,0.341,0.297,0.266,0.285,0.3,0.258,0.263,0.249,0.247,0.27,0.277,0.277,0.254,0.244,0.257,0.258,0.246,0.254,0.257,0.239,0.218,0.294,0.29,0.255,0.282,0.275,0.248,0.243,0.29,0.314,0.281,0.33,0.309,0.322,0.31,0.288
1469.55,0.327,0.384,0.328,0.36,0.318,0.287,0.305,0.32,0.28,0.283,0.269,0.267,0.289,0.296,0.295,0.271,0.261,0.274,0.274,0.263,0.272,0.276,0.292,0.268,0.359,0.357,0.307,0.331,0.322,0.297,0.295,0.335,0.34,0.306,0.356,0.336,0.349,0.338,0.318
1465.7,0.34,0.397,0.342,0.372,0.331,0.297,0.315,0.331,0.29,0.294,0.278,0.276,0.298,0.306,0.304,0.28,0.27,0.282,0.282,0.272,0.281,0.284,0.322,0.295,0.395,0.394,0.334,0.358,0.348,0.326,0.324,0.359,0.351,0.317,0.367,0.348,0.361,0.35,0.331
1461.84,0.352,0.41,0.355,0.384,0.344,0.304,0.322,0.339,0.296,0.302,0.285,0.282,0.304,0.313,0.31,0.286,0.276,0.288,0.287,0.279,0.288,0.291,0.331,0.303,0.405,0.404,0.343,0.367,0.357,0.336,0.333,0.369,0.355,0.322,0.372,0.353,0.366,0.355,0.335
1457.98,0.365,0.424,0.369,0.399,0.356,0.31,0.328,0.348,0.302,0.31,0.293,0.29,0.31,0.321,0.317,0.292,0.284,0.295,0.293,0.287,0.295,0.298,0.332,0.302,0.401,0.4,0.344,0.368,0.359,0.336,0.334,0.374,0.36,0.326,0.378,0.357,0.37,0.359,0.338
1454.12,0.372,0.434,0.376,0.409,0.361,0.311,0.33,0.347,0.303,0.31,0.295,0.292,0.313,0.323,0.32,0.294,0.286,0.3,0.296,0.289,0.296,0.3,0.323,0.293,0.388,0.383,0.336,0.362,0.353,0.33,0.324,0.369,0.362,0.327,0.38,0.358,0.372,0.361,0.337
1450.27,0.368,0.432,0.372,0.407,0.356,0.306,0.326,0.341,0.298,0.305,0.29,0.287,0.309,0.318,0.317,0.291,0.282,0.297,0.293,0.285,0.293,0.297,0.31,0.281,0.371,0.364,0.322,0.35,0.341,0.318,0.31,0.357,0.356,0.322,0.376,0.353,0.367,0.356,0.33
1446.41,0.359,0.426,0.364,0.402,0.348,0.302,0.322,0.336,0.293,0.3,0.286,0.281,0.305,0.314,0.313,0.288,0.278,0.293,0.29,0.281,0.29,0.293,0.297,0.269,0.355,0.347,0.31,0.339,0.329,0.305,0.297,0.346,0.35,0.316,0.369,0.347,0.36,0.349,0.323
1442.55,0.349,0.418,0.355,0.395,0.339,0.298,0.319,0.331,0.288,0.295,0.281,0.277,0.301,0.31,0.309,0.284,0.275,0.289,0.287,0.277,0.286,0.289,0.287,0.26,0.344,0.333,0.299,0.33,0.32,0.295,0.286,0.337,0.343,0.31,0.362,0.34,0.353,0.342,0.316
1438.7,0.34,0.408,0.345,0.386,0.329,0.294,0.315,0.327,0.283,0.291,0.277,0.273,0.296,0.306,0.305,0.28,0.271,0.285,0.283,0.274,0.282,0.286,0.277,0.25,0.332,0.321,0.289,0.32,0.31,0.285,0.275,0.328,0.335,0.303,0.353,0.332,0.345,0.334,0.308
1434.84,0.326,0.394,0.331,0.373,0.316,0.288,0.308,0.321,0.277,0.285,0.271,0.265,0.289,0.299,0.299,0.274,0.266,0.279,0.276,0.268,0.277,0.281,0.263,0.235,0.316,0.303,0.274,0.305,0.295,0.269,0.26,0.314,0.324,0.294,0.341,0.321,0.333,0.322,0.296
1430.98,0.317,0.383,0.323,0.362,0.308,0.284,0.305,0.315,0.273,0.28,0.267,0.26,0.286,0.294,0.295,0.271,0.263,0.275,0.273,0.264,0.274,0.278,0.251,0.223,0.302,0.288,0.262,0.293,0.283,0.258,0.247,0.302,0.317,0.288,0.332,0.314,0.326,0.314,0.29
1427.13,0.316,0.378,0.321,0.357,0.307,0.284,0.305,0.315,0.274,0.281,0.268,0.261,0.287,0.295,0.296,0.273,0.264,0.275,0.273,0.266,0.276,0.279,0.245,0.216,0.293,0.279,0.256,0.287,0.278,0.252,0.24,0.296,0.316,0.287,0.33,0.313,0.325,0.313,0.289
1423.27,0.319,0.379,0.325,0.359,0.311,0.29,0.31,0.32,0.279,0.286,0.275,0.268,0.291,0.302,0.302,0.279,0.27,0.28,0.277,0.271,0.282,0.285,0.248,0.219,0.292,0.279,0.258,0.288,0.279,0.253,0.241,0.299,0.32,0.293,0.335,0.317,0.329,0.317,0.294
1419.41,0.326,0.383,0.331,0.364,0.318,0.298,0.318,0.33,0.288,0.296,0.284,0.277,0.299,0.311,0.31,0.287,0.279,0.288,0.284,0.28,0.29,0.293,0.258,0.228,0.301,0.288,0.268,0.296,0.286,0.261,0.249,0.308,0.328,0.301,0.342,0.325,0.337,0.326,0.302
1415.55,0.334,0.388,0.338,0.369,0.325,0.305,0.325,0.336,0.295,0.302,0.291,0.285,0.306,0.318,0.318,0.294,0.285,0.295,0.289,0.286,0.297,0.3,0.266,0.236,0.31,0.295,0.276,0.305,0.294,0.269,0.256,0.316,0.337,0.31,0.349,0.333,0.345,0.335,0.311
1411.7,0.342,0.393,0.346,0.374,0.332,0.309,0.33,0.339,0.299,0.306,0.295,0.29,0.312,0.323,0.323,0.299,0.289,0.3,0.293,0.29,0.302,0.305,0.269,0.238,0.311,0.296,0.278,0.308,0.297,0.271,0.258,0.319,0.343,0.316,0.355,0.339,0.351,0.341,0.317
1407.84,0.352,0.401,0.356,0.382,0.342,0.315,0.335,0.346,0.306,0.313,0.301,0.297,0.318,0.329,0.33,0.305,0.296,0.305,0.298,0.296,0.309,0.311,0.271,0.24,0.31,0.295,0.28,0.31,0.299,0.273,0.26,0.323,0.351,0.323,0.363,0.347,0.358,0.349,0.325
1403.98,0.36,0.408,0.364,0.39,0.351,0.322,0.342,0.355,0.313,0.32,0.307,0.305,0.325,0.337,0.336,0.313,0.302,0.311,0.304,0.303,0.315,0.318,0.277,0.245,0.313,0.298,0.286,0.315,0.304,0.278,0.265,0.33,0.36,0.332,0.373,0.356,0.367,0.359,0.335
1400.13,0.363,0.413,0.368,0.396,0.356,0.327,0.346,0.36,0.318,0.325,0.312,0.311,0.33,0.343,0.341,0.317,0.307,0.315,0.308,0.307,0.319,0.322,0.283,0.25,0.317,0.303,0.291,0.32,0.31,0.283,0.27,0.335,0.367,0.339,0.381,0.362,0.373,0.366,0.342
1396.27,0.362,0.413,0.366,0.397,0.355,0.328,0.347,0.362,0.318,0.327,0.313,0.312,0.33,0.344,0.342,0.317,0.307,0.316,0.309,0.308,0.319,0.323,0.287,0.252,0.32,0.307,0.294,0.323,0.313,0.285,0.272,0.337,0.37,0.341,0.383,0.364,0.375,0.368,0.344
1392.41,0.357,0.41,0.363,0.394,0.35,0.325,0.346,0.359,0.316,0.323,0.31,0.309,0.328,0.341,0.34,0.315,0.304,0.314,0.307,0.305,0.317,0.321,0.286,0.252,0.321,0.307,0.293,0.322,0.312,0.283,0.271,0.337,0.368,0.339,0.382,0.362,0.374,0.367,0.343
1388.56,0.351,0.405,0.358,0.39,0.345,0.321,0.341,0.355,0.312,0.318,0.305,0.304,0.324,0.336,0.335,0.311,0.299,0.31,0.303,0.3,0.313,0.317,0.283,0.249,0.32,0.305,0.289,0.319,0.308,0.28,0.267,0.333,0.363,0.334,0.377,0.357,0.37,0.362,0.338
1384.7,0.344,0.399,0.351,0.384,0.338,0.315,0.335,0.348,0.306,0.311,0.298,0.298,0.318,0.328,0.328,0.304,0.292,0.303,0.297,0.293,0.306,0.311,0.28,0.246,0.32,0.304,0.285,0.316,0.304,0.276,0.263,0.328,0.355,0.327,0.369,0.35,0.362,0.353,0.331
1380.84,0.335,0.39,0.343,0.376,0.33,0.307,0.329,0.341,0.299,0.303,0.29,0.29,0.311,0.32,0.32,0.296,0.284,0.295,0.29,0.285,0.299,0.304,0.278,0.245,0.322,0.306,0.282,0.313,0.301,0.273,0.26,0.324,0.346,0.319,0.359,0.341,0.353,0.344,0.322
1376.98,0.326,0.381,0.335,0.368,0.322,0.3,0.322,0.335,0.291,0.296,0.283,0.283,0.304,0.312,0.313,0.29,0.277,0.288,0.283,0.278,0.292,0.297,0.273,0.239,0.32,0.302,0.277,0.308,0.296,0.267,0.255,0.319,0.336,0.31,0.348,0.332,0.343,0.334,0.313
1373.13,0.316,0.369,0.326,0.358,0.313,0.293,0.315,0.328,0.285,0.29,0.276,0.276,0.298,0.305,0.307,0.284,0.271,0.282,0.277,0.272,0.287,0.292,0.261,0.227,0.309,0.29,0.265,0.296,0.286,0.256,0.243,0.308,0.326,0.301,0.338,0.322,0.333,0.324,0.303
1369.27,0.307,0.359,0.316,0.349,0.305,0.289,0.311,0.323,0.281,0.284,0.272,0.271,0.294,0.301,0.303,0.28,0.267,0.278,0.273,0.268,0.284,0.288,0.252,0.218,0.301,0.28,0.256,0.287,0.278,0.248,0.234,0.299,0.319,0.295,0.33,0.316,0.327,0.317,0.297
1365.41,0.299,0.35,0.308,0.34,0.298,0.285,0.306,0.319,0.277,0.28,0.267,0.267,0.289,0.296,0.299,0.276,0.264,0.273,0.269,0.264,0.28,0.284,0.246,0.212,0.294,0.274,0.25,0.281,0.272,0.242,0.227,0.292,0.313,0.291,0.324,0.31,0.322,0.312,0.292
1361.56,0.293,0.341,0.302,0.332,0.293,0.281,0.302,0.314,0.273,0.276,0.263,0.263,0.285,0.292,0.295,0.272,0.26,0.269,0.265,0.26,0.276,0.281,0.24,0.206,0.288,0.267,0.244,0.274,0.266,0.236,0.22,0.286,0.308,0.286,0.318,0.305,0.316,0.306,0.286
1357.7,0.292,0.337,0.301,0.328,0.293,0.278,0.298,0.31,0.271,0.273,0.261,0.261,0.283,0.289,0.293,0.271,0.257,0.267,0.263,0.257,0.274,0.279,0.236,0.203,0.285,0.262,0.24,0.271,0.262,0.232,0.216,0.282,0.306,0.285,0.315,0.303,0.314,0.303,0.285
1353.84,0.296,0.338,0.305,0.328,0.297,0.277,0.298,0.31,0.27,0.272,0.26,0.261,0.283,0.289,0.293,0.271,0.257,0.267,0.262,0.258,0.275,0.279,0.236,0.202,0.284,0.26,0.24,0.27,0.261,0.232,0.215,0.28,0.306,0.286,0.316,0.304,0.314,0.304,0.286
1349.98,0.303,0.341,0.311,0.331,0.304,0.279,0.298,0.31,0.272,0.273,0.261,0.262,0.284,0.29,0.294,0.273,0.258,0.267,0.262,0.259,0.276,0.28,0.236,0.202,0.284,0.26,0.24,0.27,0.262,0.233,0.215,0.28,0.309,0.289,0.318,0.306,0.316,0.306,0.289
1346.13,0.31,0.346,0.319,0.336,0.312,0.281,0.299,0.311,0.274,0.275,0.263,0.265,0.286,0.292,0.295,0.275,0.26,0.268,0.263,0.26,0.278,0.281,0.237,0.202,0.283,0.259,0.241,0.27,0.262,0.234,0.215,0.281,0.312,0.293,0.321,0.309,0.319,0.309,0.292
1342.27,0.316,0.35,0.325,0.34,0.319,0.283,0.3,0.313,0.275,0.277,0.264,0.267,0.288,0.294,0.298,0.277,0.263,0.27,0.264,0.262,0.28,0.283,0.238,0.202,0.284,0.259,0.241,0.27,0.263,0.235,0.216,0.282,0.314,0.296,0.324,0.311,0.321,0.312,0.295
1338.41,0.319,0.353,0.328,0.342,0.322,0.284,0.3,0.313,0.276,0.278,0.265,0.269,0.289,0.295,0.299,0.278,0.264,0.27,0.265,0.263,0.281,0.284,0.238,0.202,0.282,0.258,0.241,0.269,0.263,0.235,0.215,0.281,0.315,0.297,0.325,0.313,0.321,0.313,0.297
1334.56,0.317,0.352,0.326,0.341,0.32,0.282,0.299,0.312,0.276,0.276,0.263,0.268,0.288,0.294,0.297,0.278,0.263,0.27,0.264,0.263,0.281,0.284,0.236,0.2,0.279,0.254,0.238,0.267,0.261,0.233,0.213,0.279,0.316,0.298,0.325,0.313,0.322,0.313,0.297
1330.7,0.314,0.348,0.321,0.337,0.317,0.282,0.298,0.31,0.275,0.276,0.263,0.267,0.288,0.294,0.297,0.278,0.263,0.269,0.263,0.262,0.28,0.283,0.236,0.2,0.279,0.253,0.238,0.266,0.26,0.233,0.212,0.278,0.317,0.3,0.325,0.314,0.323,0.314,0.299
1326.84,0.311,0.345,0.317,0.333,0.314,0.282,0.297,0.31,0.276,0.276,0.263,0.268,0.289,0.294,0.297,0.278,0.263,0.27,0.263,0.262,0.281,0.283,0.239,0.202,0.28,0.254,0.24,0.267,0.261,0.235,0.214,0.279,0.32,0.304,0.327,0.317,0.325,0.317,0.302
1322.98,0.311,0.344,0.316,0.332,0.315,0.284,0.299,0.312,0.278,0.279,0.265,0.271,0.291,0.296,0.299,0.28,0.265,0.271,0.264,0.263,0.283,0.285,0.244,0.208,0.285,0.259,0.245,0.272,0.266,0.24,0.219,0.284,0.325,0.309,0.332,0.321,0.33,0.322,0.308
1319.13,0.313,0.345,0.317,0.333,0.317,0.288,0.301,0.314,0.281,0.282,0.267,0.274,0.294,0.298,0.301,0.283,0.268,0.273,0.266,0.266,0.285,0.287,0.251,0.213,0.291,0.264,0.251,0.277,0.27,0.245,0.224,0.288,0.33,0.315,0.337,0.326,0.334,0.327,0.315
1315.27,0.316,0.347,0.318,0.334,0.319,0.292,0.303,0.316,0.284,0.286,0.27,0.277,0.297,0.301,0.304,0.286,0.271,0.276,0.268,0.269,0.288,0.29,0.257,0.218,0.295,0.269,0.255,0.281,0.275,0.25,0.228,0.291,0.335,0.32,0.341,0.331,0.339,0.332,0.32
1311.41,0.316,0.347,0.317,0.333,0.319,0.294,0.305,0.317,0.286,0.288,0.272,0.279,0.299,0.303,0.306,0.288,0.273,0.277,0.269,0.271,0.29,0.292,0.261,0.221,0.298,0.272,0.258,0.283,0.277,0.253,0.232,0.294,0.338,0.324,0.344,0.333,0.342,0.335,0.324
1307.56,0.316,0.346,0.316,0.331,0.318,0.296,0.306,0.318,0.288,0.289,0.274,0.281,0.301,0.304,0.307,0.29,0.275,0.279,0.27,0.272,0.292,0.293,0.264,0.225,0.301,0.274,0.26,0.285,0.279,0.256,0.234,0.296,0.34,0.326,0.345,0.335,0.344,0.337,0.326
1303.7,0.315,0.345,0.315,0.33,0.317,0.297,0.307,0.318,0.289,0.289,0.275,0.282,0.301,0.305,0.308,0.291,0.276,0.28,0.271,0.273,0.292,0.294,0.266,0.227,0.302,0.275,0.261,0.286,0.28,0.257,0.235,0.296,0.341,0.327,0.345,0.336,0.345,0.337,0.327
1299.84,0.316,0.344,0.315,0.329,0.318,0.297,0.307,0.317,0.288,0.29,0.275,0.281,0.301,0.304,0.307,0.291,0.276,0.28,0.271,0.274,0.292,0.294,0.267,0.227,0.302,0.275,0.261,0.285,0.279,0.257,0.235,0.296,0.341,0.328,0.345,0.336,0.345,0.338,0.328
1295.98,0.318,0.344,0.317,0.328,0.32,0.297,0.306,0.315,0.287,0.289,0.274,0.281,0.301,0.303,0.306,0.29,0.275,0.279,0.27,0.273,0.291,0.293,0.268,0.227,0.301,0.274,0.261,0.284,0.278,0.257,0.235,0.295,0.341,0.328,0.344,0.335,0.345,0.337,0.329
1292.13,0.324,0.347,0.323,0.331,0.326,0.297,0.304,0.314,0.287,0.29,0.273,0.281,0.301,0.302,0.305,0.289,0.275,0.279,0.269,0.273,0.291,0.292,0.269,0.228,0.301,0.274,0.261,0.284,0.277,0.257,0.236,0.295,0.341,0.329,0.344,0.336,0.345,0.338,0.33
1288.27,0.331,0.351,0.33,0.335,0.333,0.297,0.304,0.313,0.287,0.29,0.273,0.281,0.301,0.302,0.304,0.289,0.276,0.279,0.269,0.273,0.291,0.291,0.273,0.231,0.304,0.276,0.264,0.286,0.279,0.26,0.239,0.296,0.342,0.33,0.345,0.338,0.346,0.339,0.332
1284.41,0.337,0.357,0.336,0.34,0.34,0.298,0.304,0.313,0.287,0.291,0.275,0.282,0.301,0.303,0.304,0.29,0.277,0.279,0.27,0.274,0.291,0.292,0.279,0.237,0.309,0.281,0.269,0.289,0.282,0.264,0.243,0.299,0.344,0.333,0.346,0.34,0.348,0.341,0.335
1280.56,0.341,0.359,0.339,0.343,0.343,0.3,0.304,0.313,0.288,0.292,0.276,0.283,0.302,0.304,0.305,0.291,0.278,0.28,0.27,0.275,0.291,0.293,0.284,0.242,0.313,0.285,0.273,0.293,0.285,0.268,0.248,0.303,0.346,0.336,0.347,0.342,0.35,0.343,0.338
1276.7,0.342,0.361,0.341,0.344,0.344,0.301,0.306,0.314,0.29,0.294,0.278,0.284,0.303,0.305,0.306,0.292,0.28,0.282,0.272,0.277,0.293,0.294,0.288,0.246,0.316,0.288,0.276,0.295,0.287,0.271,0.251,0.305,0.348,0.338,0.348,0.344,0.352,0.344,0.341
1272.84,0.344,0.361,0.342,0.345,0.345,0.304,0.308,0.315,0.292,0.296,0.28,0.287,0.305,0.307,0.308,0.294,0.283,0.284,0.273,0.279,0.295,0.296,0.292,0.25,0.318,0.29,0.279,0.296,0.288,0.273,0.254,0.307,0.35,0.342,0.349,0.346,0.354,0.346,0.345
1268.98,0.347,0.364,0.344,0.347,0.348,0.308,0.311,0.317,0.296,0.3,0.284,0.291,0.308,0.31,0.311,0.297,0.287,0.287,0.277,0.283,0.299,0.299,0.3,0.257,0.324,0.296,0.285,0.301,0.293,0.279,0.26,0.312,0.353,0.346,0.352,0.349,0.357,0.35,0.35
1265.13,0.353,0.368,0.349,0.35,0.354,0.313,0.315,0.321,0.301,0.306,0.29,0.297,0.313,0.314,0.315,0.303,0.292,0.293,0.282,0.289,0.304,0.304,0.31,0.267,0.333,0.305,0.294,0.31,0.3,0.287,0.269,0.319,0.359,0.352,0.355,0.354,0.362,0.356,0.357
1261.27,0.362,0.374,0.358,0.356,0.363,0.32,0.321,0.327,0.308,0.314,0.298,0.305,0.32,0.321,0.321,0.31,0.3,0.3,0.288,0.296,0.311,0.311,0.32,0.277,0.342,0.313,0.303,0.318,0.307,0.296,0.279,0.327,0.366,0.36,0.361,0.361,0.369,0.363,0.366
1257.41,0.374,0.383,0.369,0.365,0.375,0.329,0.329,0.333,0.317,0.323,0.308,0.314,0.328,0.33,0.329,0.318,0.308,0.308,0.295,0.305,0.319,0.319,0.33,0.287,0.35,0.32,0.312,0.325,0.314,0.305,0.289,0.336,0.374,0.369,0.368,0.37,0.377,0.372,0.377
1253.56,0.387,0.393,0.383,0.375,0.389,0.339,0.337,0.341,0.326,0.332,0.318,0.325,0.336,0.339,0.337,0.327,0.318,0.317,0.303,0.314,0.328,0.328,0.341,0.298,0.358,0.328,0.321,0.334,0.322,0.313,0.299,0.345,0.384,0.38,0.376,0.38,0.386,0.382,0.389
1249.7,0.402,0.404,0.397,0.386,0.403,0.349,0.345,0.349,0.335,0.341,0.327,0.335,0.344,0.348,0.344,0.336,0.326,0.325,0.31,0.322,0.337,0.337,0.354,0.311,0.368,0.338,0.332,0.343,0.331,0.323,0.31,0.355,0.393,0.39,0.384,0.389,0.396,0.391,0.401
1245.84,0.415,0.415,0.411,0.398,0.416,0.357,0.352,0.355,0.343,0.349,0.336,0.343,0.351,0.356,0.351,0.343,0.334,0.332,0.317,0.33,0.344,0.344,0.367,0.323,0.38,0.35,0.343,0.354,0.34,0.334,0.322,0.367,0.401,0.398,0.392,0.397,0.404,0.4,0.411
1241.98,0.426,0.426,0.422,0.409,0.426,0.362,0.357,0.36,0.347,0.354,0.342,0.348,0.356,0.362,0.356,0.347,0.339,0.337,0.321,0.334,0.349,0.349,0.377,0.333,0.39,0.358,0.352,0.362,0.347,0.343,0.33,0.376,0.406,0.403,0.397,0.403,0.41,0.405,0.417
1238.13,0.43,0.433,0.427,0.416,0.43,0.365,0.359,0.362,0.349,0.356,0.344,0.35,0.357,0.364,0.358,0.349,0.341,0.339,0.323,0.336,0.35,0.351,0.382,0.336,0.395,0.361,0.355,0.365,0.349,0.345,0.334,0.379,0.408,0.405,0.399,0.405,0.412,0.406,0.419
1234.27,0.425,0.434,0.424,0.418,0.425,0.363,0.357,0.36,0.346,0.354,0.341,0.347,0.354,0.362,0.356,0.346,0.338,0.338,0.322,0.334,0.347,0.349,0.379,0.332,0.391,0.357,0.352,0.362,0.346,0.341,0.33,0.376,0.405,0.402,0.397,0.402,0.409,0.403,0.416
1230.41,0.412,0.427,0.412,0.413,0.412,0.357,0.352,0.355,0.34,0.349,0.336,0.34,0.348,0.356,0.35,0.339,0.331,0.334,0.318,0.329,0.341,0.343,0.372,0.326,0.383,0.348,0.345,0.355,0.339,0.334,0.323,0.369,0.398,0.396,0.391,0.396,0.403,0.398,0.408
1226.56,0.393,0.414,0.394,0.401,0.392,0.349,0.345,0.348,0.331,0.34,0.327,0.331,0.34,0.347,0.342,0.331,0.323,0.327,0.312,0.32,0.332,0.334,0.364,0.319,0.375,0.34,0.337,0.347,0.331,0.326,0.315,0.361,0.389,0.387,0.382,0.387,0.394,0.389,0.399
1222.7,0.373,0.398,0.374,0.386,0.371,0.34,0.337,0.339,0.321,0.331,0.317,0.321,0.332,0.337,0.333,0.321,0.315,0.318,0.305,0.311,0.323,0.325,0.357,0.312,0.368,0.333,0.33,0.339,0.323,0.318,0.307,0.353,0.379,0.377,0.372,0.376,0.384,0.379,0.388
1218.84,0.356,0.382,0.358,0.372,0.354,0.331,0.329,0.33,0.311,0.321,0.308,0.31,0.322,0.327,0.323,0.311,0.305,0.309,0.297,0.301,0.313,0.316,0.348,0.302,0.359,0.324,0.321,0.329,0.313,0.308,0.298,0.343,0.368,0.366,0.361,0.365,0.373,0.367,0.376
1214.98,0.346,0.37,0.349,0.363,0.344,0.323,0.321,0.322,0.302,0.311,0.299,0.301,0.313,0.318,0.314,0.303,0.296,0.301,0.291,0.293,0.304,0.308,0.337,0.292,0.347,0.313,0.31,0.317,0.302,0.297,0.287,0.332,0.356,0.357,0.351,0.354,0.362,0.356,0.364
1211.13,0.342,0.364,0.346,0.358,0.34,0.315,0.313,0.314,0.295,0.304,0.292,0.293,0.305,0.31,0.307,0.296,0.29,0.295,0.284,0.287,0.297,0.301,0.327,0.282,0.337,0.303,0.301,0.307,0.292,0.287,0.277,0.322,0.346,0.348,0.341,0.345,0.352,0.346,0.354
1207.27,0.341,0.361,0.347,0.357,0.34,0.309,0.307,0.307,0.288,0.298,0.286,0.288,0.298,0.304,0.3,0.289,0.285,0.289,0.279,0.282,0.29,0.295,0.322,0.277,0.33,0.297,0.296,0.3,0.286,0.281,0.272,0.315,0.338,0.341,0.334,0.338,0.343,0.337,0.346
1203.41,0.338,0.357,0.344,0.355,0.336,0.303,0.301,0.301,0.283,0.293,0.281,0.282,0.292,0.298,0.294,0.283,0.279,0.284,0.274,0.276,0.284,0.289,0.321,0.277,0.328,0.297,0.295,0.298,0.282,0.278,0.271,0.311,0.331,0.335,0.327,0.331,0.336,0.33,0.34
1199.56,0.329,0.349,0.335,0.348,0.328,0.297,0.295,0.295,0.278,0.287,0.275,0.276,0.285,0.292,0.288,0.277,0.273,0.278,0.269,0.27,0.278,0.283,0.325,0.281,0.333,0.301,0.298,0.3,0.283,0.279,0.273,0.311,0.325,0.33,0.321,0.325,0.33,0.324,0.335
1195.7,0.316,0.337,0.323,0.339,0.315,0.292,0.29,0.289,0.273,0.281,0.27,0.271,0.279,0.286,0.282,0.271,0.268,0.272,0.264,0.264,0.272,0.277,0.328,0.284,0.337,0.304,0.301,0.302,0.284,0.28,0.275,0.311,0.32,0.326,0.316,0.32,0.325,0.32,0.331
1191.84,0.305,0.325,0.312,0.329,0.304,0.287,0.285,0.285,0.269,0.277,0.267,0.267,0.275,0.281,0.277,0.267,0.264,0.268,0.26,0.26,0.268,0.272,0.328,0.286,0.337,0.304,0.301,0.3,0.283,0.28,0.276,0.309,0.316,0.324,0.312,0.317,0.321,0.316,0.329
1187.99,0.297,0.316,0.304,0.321,0.296,0.285,0.282,0.281,0.267,0.274,0.266,0.265,0.272,0.278,0.273,0.265,0.262,0.265,0.258,0.258,0.265,0.27,0.333,0.291,0.341,0.309,0.305,0.302,0.284,0.283,0.281,0.311,0.313,0.323,0.309,0.314,0.319,0.313,0.328
1184.13,0.293,0.31,0.299,0.316,0.292,0.285,0.282,0.281,0.269,0.275,0.268,0.268,0.272,0.278,0.272,0.265,0.262,0.266,0.258,0.258,0.265,0.27,0.348,0.307,0.355,0.325,0.318,0.314,0.294,0.295,0.294,0.32,0.313,0.323,0.308,0.314,0.319,0.313,0.33
1180.27,0.292,0.306,0.298,0.314,0.291,0.29,0.284,0.284,0.275,0.28,0.274,0.275,0.276,0.281,0.275,0.269,0.267,0.269,0.261,0.264,0.27,0.274,0.372,0.33,0.381,0.35,0.339,0.332,0.311,0.312,0.314,0.336,0.315,0.327,0.309,0.316,0.321,0.316,0.335
1176.41,0.294,0.305,0.3,0.314,0.293,0.299,0.292,0.291,0.287,0.29,0.287,0.287,0.284,0.289,0.283,0.279,0.277,0.278,0.27,0.275,0.28,0.285,0.4,0.355,0.409,0.375,0.362,0.354,0.33,0.333,0.336,0.356,0.319,0.333,0.313,0.322,0.326,0.322,0.343
1172.56,0.296,0.305,0.303,0.316,0.295,0.314,0.305,0.303,0.303,0.306,0.306,0.305,0.297,0.302,0.296,0.294,0.293,0.291,0.282,0.291,0.296,0.301,0.415,0.368,0.424,0.387,0.376,0.368,0.341,0.347,0.349,0.369,0.323,0.337,0.316,0.325,0.329,0.327,0.349
1168.7,0.298,0.305,0.305,0.317,0.297,0.332,0.322,0.319,0.324,0.325,0.329,0.327,0.313,0.319,0.313,0.314,0.314,0.307,0.299,0.314,0.318,0.323,0.415,0.367,0.426,0.385,0.377,0.369,0.343,0.349,0.35,0.371,0.324,0.338,0.317,0.325,0.33,0.327,0.349
1164.84,0.299,0.303,0.306,0.317,0.299,0.354,0.343,0.338,0.349,0.349,0.358,0.353,0.334,0.339,0.335,0.339,0.339,0.329,0.32,0.342,0.346,0.351,0.412,0.364,0.422,0.379,0.374,0.366,0.34,0.348,0.348,0.369,0.322,0.336,0.315,0.323,0.328,0.325,0.347
1160.99,0.299,0.302,0.307,0.316,0.3,0.378,0.365,0.358,0.376,0.375,0.388,0.379,0.356,0.362,0.359,0.365,0.366,0.352,0.343,0.372,0.374,0.381,0.412,0.361,0.42,0.374,0.371,0.363,0.338,0.346,0.345,0.366,0.319,0.334,0.313,0.321,0.325,0.323,0.345
1157.13,0.298,0.299,0.305,0.313,0.299,0.395,0.383,0.374,0.394,0.394,0.409,0.398,0.372,0.378,0.378,0.385,0.385,0.369,0.359,0.394,0.396,0.403,0.408,0.355,0.415,0.367,0.367,0.358,0.333,0.342,0.341,0.362,0.315,0.331,0.31,0.318,0.322,0.32,0.341
1153.27,0.295,0.295,0.303,0.31,0.297,0.399,0.389,0.38,0.399,0.399,0.414,0.404,0.377,0.383,0.386,0.392,0.392,0.375,0.365,0.4,0.404,0.412,0.402,0.348,0.407,0.358,0.361,0.351,0.328,0.337,0.335,0.356,0.312,0.328,0.306,0.313,0.318,0.316,0.336
1149.41,0.292,0.291,0.3,0.306,0.294,0.393,0.384,0.375,0.392,0.391,0.405,0.397,0.371,0.377,0.382,0.386,0.385,0.371,0.361,0.393,0.399,0.406,0.393,0.34,0.398,0.349,0.352,0.343,0.321,0.331,0.328,0.349,0.308,0.324,0.301,0.309,0.313,0.312,0.331
1145.56,0.289,0.286,0.297,0.303,0.292,0.379,0.371,0.364,0.378,0.376,0.388,0.382,0.36,0.365,0.369,0.373,0.371,0.36,0.35,0.377,0.384,0.391,0.384,0.331,0.39,0.339,0.344,0.334,0.314,0.325,0.321,0.341,0.304,0.32,0.297,0.304,0.309,0.308,0.326
1141.7,0.288,0.283,0.295,0.3,0.291,0.364,0.356,0.349,0.361,0.36,0.37,0.366,0.347,0.352,0.355,0.359,0.356,0.347,0.338,0.361,0.367,0.374,0.371,0.32,0.377,0.326,0.334,0.323,0.304,0.316,0.311,0.332,0.3,0.317,0.293,0.3,0.305,0.304,0.322
1137.84,0.289,0.281,0.296,0.298,0.292,0.353,0.344,0.338,0.35,0.348,0.358,0.355,0.337,0.343,0.345,0.349,0.346,0.339,0.329,0.349,0.356,0.362,0.355,0.305,0.36,0.308,0.321,0.309,0.292,0.304,0.299,0.32,0.299,0.317,0.291,0.298,0.302,0.302,0.319
1133.99,0.292,0.281,0.299,0.298,0.297,0.35,0.338,0.334,0.347,0.343,0.354,0.353,0.334,0.34,0.343,0.348,0.345,0.338,0.328,0.346,0.354,0.359,0.342,0.294,0.344,0.292,0.31,0.298,0.282,0.295,0.289,0.309,0.3,0.319,0.291,0.298,0.302,0.302,0.32
1130.13,0.298,0.284,0.303,0.3,0.303,0.354,0.341,0.336,0.354,0.348,0.361,0.36,0.34,0.345,0.349,0.354,0.353,0.343,0.333,0.353,0.36,0.364,0.338,0.292,0.337,0.286,0.307,0.294,0.279,0.292,0.288,0.306,0.305,0.325,0.294,0.301,0.305,0.307,0.324
1126.27,0.305,0.288,0.309,0.303,0.309,0.363,0.348,0.343,0.365,0.358,0.372,0.373,0.348,0.353,0.356,0.364,0.363,0.351,0.34,0.364,0.37,0.373,0.345,0.3,0.34,0.291,0.313,0.298,0.284,0.298,0.295,0.31,0.311,0.332,0.299,0.307,0.31,0.313,0.332
1122.41,0.31,0.291,0.314,0.307,0.315,0.373,0.356,0.35,0.376,0.368,0.384,0.386,0.357,0.362,0.364,0.374,0.374,0.359,0.348,0.374,0.381,0.383,0.359,0.315,0.351,0.303,0.325,0.309,0.294,0.31,0.308,0.32,0.318,0.341,0.304,0.314,0.316,0.32,0.343
1118.56,0.314,0.294,0.317,0.309,0.32,0.382,0.363,0.357,0.386,0.377,0.396,0.397,0.365,0.37,0.372,0.383,0.384,0.367,0.356,0.384,0.39,0.393,0.373,0.329,0.364,0.315,0.337,0.32,0.305,0.321,0.321,0.331,0.325,0.348,0.309,0.319,0.322,0.327,0.352
1114.7,0.317,0.296,0.32,0.31,0.324,0.391,0.37,0.365,0.395,0.387,0.407,0.408,0.373,0.377,0.38,0.393,0.393,0.376,0.364,0.394,0.401,0.402,0.382,0.337,0.372,0.322,0.344,0.326,0.311,0.329,0.329,0.337,0.329,0.353,0.312,0.323,0.326,0.332,0.357
1110.84,0.32,0.297,0.322,0.31,0.328,0.399,0.377,0.372,0.406,0.397,0.418,0.42,0.381,0.385,0.389,0.404,0.405,0.385,0.373,0.406,0.41,0.412,0.389,0.343,0.377,0.327,0.349,0.33,0.316,0.333,0.335,0.341,0.333,0.357,0.315,0.327,0.33,0.335,0.362
1106.99,0.323,0.299,0.326,0.312,0.333,0.408,0.385,0.379,0.418,0.408,0.43,0.433,0.39,0.393,0.397,0.415,0.416,0.395,0.382,0.418,0.421,0.423,0.398,0.353,0.384,0.335,0.357,0.337,0.322,0.341,0.344,0.347,0.338,0.363,0.319,0.331,0.334,0.34,0.369
1103.13,0.326,0.301,0.329,0.313,0.337,0.417,0.391,0.384,0.427,0.416,0.439,0.442,0.397,0.399,0.403,0.423,0.425,0.403,0.389,0.427,0.43,0.432,0.407,0.361,0.391,0.341,0.364,0.345,0.33,0.35,0.353,0.354,0.344,0.369,0.323,0.336,0.339,0.346,0.376
1099.27,0.33,0.303,0.333,0.315,0.342,0.424,0.396,0.389,0.435,0.423,0.447,0.451,0.404,0.404,0.408,0.43,0.432,0.409,0.396,0.435,0.437,0.439,0.415,0.369,0.398,0.346,0.37,0.351,0.336,0.358,0.359,0.36,0.351,0.375,0.327,0.342,0.345,0.351,0.384
1095.41,0.336,0.307,0.338,0.317,0.349,0.434,0.403,0.397,0.446,0.433,0.46,0.464,0.413,0.413,0.415,0.441,0.444,0.418,0.405,0.447,0.448,0.449,0.423,0.375,0.404,0.35,0.375,0.355,0.341,0.365,0.365,0.365,0.358,0.383,0.332,0.347,0.352,0.357,0.392
1091.56,0.344,0.312,0.346,0.322,0.359,0.452,0.419,0.412,0.467,0.454,0.485,0.488,0.431,0.429,0.433,0.462,0.467,0.436,0.421,0.47,0.47,0.47,0.428,0.379,0.405,0.351,0.378,0.358,0.344,0.369,0.37,0.369,0.366,0.392,0.338,0.354,0.359,0.365,0.401
1087.7,0.355,0.32,0.356,0.331,0.37,0.478,0.443,0.434,0.496,0.482,0.519,0.52,0.456,0.452,0.459,0.492,0.498,0.462,0.444,0.502,0.502,0.501,0.431,0.379,0.403,0.349,0.378,0.358,0.345,0.372,0.372,0.371,0.374,0.4,0.344,0.361,0.365,0.373,0.41
1083.84,0.364,0.328,0.364,0.338,0.379,0.503,0.466,0.455,0.521,0.507,0.546,0.546,0.479,0.475,0.483,0.519,0.523,0.484,0.466,0.529,0.531,0.529,0.431,0.379,0.399,0.346,0.377,0.356,0.345,0.371,0.371,0.372,0.38,0.406,0.349,0.366,0.371,0.379,0.417
1079.99,0.366,0.332,0.366,0.341,0.382,0.51,0.475,0.463,0.526,0.514,0.55,0.548,0.485,0.482,0.493,0.526,0.528,0.488,0.471,0.534,0.54,0.537,0.428,0.375,0.392,0.341,0.373,0.352,0.343,0.368,0.368,0.369,0.382,0.407,0.351,0.367,0.372,0.381,0.418
1076.13,0.362,0.331,0.362,0.34,0.378,0.495,0.464,0.452,0.508,0.497,0.527,0.527,0.471,0.468,0.48,0.509,0.508,0.473,0.457,0.513,0.522,0.519,0.422,0.369,0.384,0.335,0.368,0.346,0.337,0.362,0.362,0.363,0.38,0.405,0.35,0.365,0.37,0.379,0.416
1072.27,0.355,0.329,0.356,0.336,0.372,0.471,0.443,0.432,0.483,0.471,0.5,0.501,0.451,0.446,0.458,0.483,0.483,0.453,0.438,0.486,0.494,0.491,0.415,0.363,0.377,0.33,0.362,0.339,0.332,0.357,0.356,0.358,0.377,0.402,0.348,0.362,0.367,0.375,0.411
1068.42,0.351,0.326,0.352,0.333,0.367,0.46,0.431,0.421,0.473,0.461,0.489,0.49,0.441,0.435,0.446,0.472,0.473,0.446,0.43,0.476,0.481,0.479,0.411,0.36,0.372,0.327,0.357,0.334,0.329,0.354,0.353,0.354,0.374,0.399,0.345,0.358,0.364,0.372,0.408
1064.56,0.349,0.324,0.351,0.332,0.365,0.467,0.436,0.425,0.482,0.47,0.501,0.501,0.448,0.44,0.451,0.48,0.483,0.453,0.438,0.488,0.489,0.488,0.411,0.359,0.369,0.325,0.355,0.332,0.327,0.352,0.351,0.351,0.371,0.397,0.343,0.356,0.361,0.369,0.406
1060.7,0.348,0.323,0.349,0.331,0.363,0.483,0.451,0.437,0.503,0.489,0.526,0.523,0.464,0.455,0.466,0.499,0.505,0.469,0.455,0.512,0.511,0.51,0.412,0.358,0.367,0.323,0.354,0.329,0.325,0.35,0.348,0.349,0.37,0.394,0.341,0.354,0.36,0.367,0.403
1056.84,0.346,0.322,0.348,0.331,0.36,0.5,0.468,0.451,0.525,0.509,0.551,0.544,0.481,0.469,0.484,0.521,0.527,0.487,0.472,0.537,0.535,0.534,0.412,0.355,0.363,0.319,0.35,0.325,0.322,0.346,0.344,0.346,0.367,0.39,0.339,0.351,0.356,0.364,0.399
1052.99,0.344,0.322,0.346,0.331,0.359,0.514,0.483,0.464,0.54,0.526,0.57,0.56,0.493,0.48,0.498,0.538,0.545,0.5,0.486,0.557,0.554,0.555,0.408,0.35,0.356,0.313,0.344,0.318,0.316,0.34,0.338,0.342,0.362,0.385,0.335,0.346,0.35,0.358,0.393
1049.13,0.343,0.322,0.344,0.33,0.357,0.524,0.493,0.474,0.549,0.538,0.583,0.57,0.503,0.488,0.509,0.549,0.557,0.508,0.495,0.572,0.567,0.57,0.401,0.342,0.346,0.305,0.338,0.31,0.309,0.333,0.329,0.335,0.355,0.378,0.33,0.34,0.344,0.352,0.385
1045.27,0.341,0.322,0.342,0.329,0.354,0.533,0.503,0.482,0.558,0.549,0.594,0.578,0.51,0.495,0.519,0.559,0.567,0.516,0.504,0.582,0.581,0.582,0.395,0.335,0.337,0.299,0.331,0.302,0.303,0.326,0.322,0.329,0.347,0.371,0.325,0.333,0.337,0.345,0.377
1041.42,0.34,0.322,0.341,0.329,0.352,0.539,0.511,0.488,0.565,0.556,0.601,0.584,0.515,0.5,0.527,0.567,0.574,0.521,0.509,0.59,0.59,0.59,0.39,0.33,0.329,0.293,0.324,0.296,0.298,0.32,0.317,0.324,0.339,0.363,0.319,0.326,0.33,0.338,0.368
1037.56,0.339,0.321,0.34,0.328,0.35,0.543,0.518,0.495,0.569,0.561,0.606,0.588,0.519,0.503,0.532,0.572,0.579,0.525,0.512,0.596,0.595,0.597,0.386,0.325,0.322,0.288,0.319,0.29,0.292,0.315,0.312,0.319,0.331,0.356,0.313,0.32,0.323,0.331,0.359
1033.7,0.336,0.32,0.34,0.328,0.347,0.546,0.524,0.501,0.571,0.567,0.609,0.588,0.524,0.506,0.538,0.576,0.584,0.527,0.515,0.603,0.6,0.604,0.381,0.319,0.314,0.282,0.312,0.282,0.286,0.309,0.306,0.312,0.323,0.347,0.306,0.313,0.316,0.323,0.35
1029.85,0.329,0.317,0.334,0.326,0.34,0.55,0.529,0.507,0.574,0.571,0.612,0.588,0.527,0.51,0.544,0.58,0.587,0.529,0.517,0.607,0.606,0.611,0.373,0.31,0.305,0.273,0.304,0.273,0.278,0.301,0.296,0.305,0.313,0.336,0.298,0.303,0.306,0.313,0.338
1025.99,0.318,0.309,0.324,0.318,0.327,0.547,0.53,0.507,0.567,0.566,0.604,0.58,0.524,0.507,0.543,0.575,0.579,0.526,0.513,0.6,0.602,0.61,0.362,0.301,0.294,0.264,0.294,0.263,0.269,0.291,0.286,0.295,0.301,0.324,0.288,0.293,0.296,0.302,0.325
1022.13,0.306,0.299,0.312,0.309,0.314,0.53,0.517,0.496,0.544,0.546,0.577,0.556,0.51,0.492,0.531,0.556,0.556,0.513,0.498,0.578,0.582,0.592,0.351,0.292,0.284,0.256,0.283,0.253,0.259,0.281,0.275,0.285,0.29,0.313,0.278,0.283,0.285,0.29,0.313
1018.27,0.296,0.29,0.302,0.301,0.302,0.499,0.492,0.472,0.509,0.513,0.536,0.519,0.483,0.465,0.505,0.523,0.522,0.486,0.473,0.54,0.547,0.556,0.339,0.283,0.274,0.248,0.274,0.243,0.25,0.273,0.267,0.276,0.28,0.303,0.269,0.274,0.275,0.279,0.301
1014.42,0.287,0.283,0.293,0.293,0.293,0.464,0.46,0.443,0.471,0.476,0.494,0.479,0.451,0.434,0.472,0.485,0.484,0.455,0.445,0.499,0.507,0.515,0.329,0.276,0.265,0.241,0.267,0.235,0.244,0.266,0.26,0.268,0.271,0.295,0.261,0.266,0.267,0.271,0.292
1010.56,0.279,0.275,0.285,0.286,0.283,0.433,0.43,0.414,0.437,0.443,0.458,0.443,0.422,0.407,0.442,0.451,0.451,0.427,0.419,0.463,0.472,0.479,0.319,0.27,0.258,0.236,0.261,0.229,0.238,0.26,0.255,0.26,0.263,0.288,0.254,0.259,0.259,0.263,0.283
1006.7,0.272,0.268,0.278,0.279,0.274,0.41,0.407,0.393,0.413,0.419,0.432,0.416,0.4,0.386,0.418,0.426,0.427,0.407,0.4,0.437,0.445,0.453,0.311,0.265,0.25,0.231,0.255,0.223,0.232,0.254,0.25,0.253,0.255,0.281,0.247,0.252,0.252,0.256,0.275
1002.85,0.265,0.26,0.27,0.272,0.266,0.393,0.39,0.376,0.394,0.401,0.411,0.395,0.384,0.37,0.4,0.407,0.409,0.392,0.386,0.418,0.425,0.432,0.304,0.26,0.244,0.227,0.25,0.218,0.227,0.249,0.245,0.248,0.249,0.275,0.241,0.246,0.246,0.249,0.269
998.988,0.259,0.252,0.265,0.267,0.26,0.374,0.371,0.359,0.374,0.381,0.39,0.373,0.367,0.354,0.382,0.388,0.389,0.376,0.37,0.397,0.404,0.41,0.299,0.258,0.239,0.224,0.248,0.214,0.224,0.246,0.243,0.244,0.244,0.271,0.237,0.243,0.242,0.244,0.264
995.131,0.254,0.247,0.261,0.262,0.255,0.35,0.348,0.337,0.349,0.356,0.361,0.346,0.345,0.333,0.358,0.362,0.363,0.355,0.35,0.368,0.376,0.382,0.294,0.257,0.236,0.221,0.246,0.212,0.222,0.244,0.242,0.241,0.241,0.268,0.233,0.24,0.238,0.241,0.262
991.274,0.251,0.242,0.258,0.258,0.251,0.323,0.32,0.312,0.319,0.327,0.327,0.315,0.319,0.309,0.33,0.332,0.332,0.329,0.325,0.334,0.344,0.349,0.289,0.257,0.233,0.22,0.245,0.21,0.22,0.243,0.241,0.239,0.238,0.266,0.231,0.237,0.235,0.238,0.259
987.417,0.248,0.238,0.255,0.254,0.248,0.295,0.293,0.286,0.29,0.297,0.294,0.284,0.293,0.285,0.303,0.302,0.302,0.303,0.301,0.302,0.311,0.315,0.284,0.256,0.231,0.218,0.243,0.208,0.219,0.242,0.24,0.237,0.235,0.263,0.227,0.234,0.232,0.235,0.255
983.56,0.245,0.234,0.253,0.251,0.245,0.272,0.27,0.265,0.266,0.273,0.268,0.259,0.271,0.265,0.28,0.278,0.278,0.281,0.28,0.275,0.283,0.287,0.28,0.256,0.229,0.217,0.242,0.206,0.217,0.241,0.239,0.234,0.233,0.261,0.224,0.231,0.229,0.231,0.253
979.702,0.244,0.23,0.253,0.25,0.245,0.256,0.253,0.251,0.249,0.256,0.249,0.242,0.255,0.25,0.263,0.26,0.262,0.266,0.266,0.256,0.264,0.266,0.278,0.257,0.227,0.217,0.242,0.206,0.217,0.241,0.24,0.233,0.231,0.26,0.222,0.23,0.227,0.229,0.252
975.845,0.245,0.229,0.255,0.25,0.246,0.247,0.243,0.241,0.24,0.247,0.239,0.232,0.246,0.242,0.253,0.25,0.253,0.257,0.257,0.246,0.252,0.254,0.28,0.262,0.229,0.22,0.245,0.208,0.219,0.245,0.244,0.234,0.232,0.262,0.222,0.23,0.227,0.229,0.253
971.988,0.245,0.227,0.256,0.25,0.246,0.242,0.237,0.235,0.234,0.241,0.233,0.227,0.24,0.237,0.246,0.245,0.248,0.252,0.253,0.24,0.245,0.247,0.283,0.267,0.232,0.223,0.248,0.21,0.221,0.249,0.248,0.236,0.233,0.263,0.221,0.23,0.227,0.229,0.254
968.131,0.242,0.224,0.254,0.249,0.244,0.237,0.231,0.229,0.229,0.234,0.226,0.221,0.234,0.232,0.24,0.239,0.242,0.247,0.248,0.234,0.239,0.24,0.281,0.268,0.231,0.223,0.249,0.21,0.221,0.25,0.249,0.235,0.231,0.261,0.22,0.229,0.226,0.228,0.252
964.274,0.239,0.22,0.251,0.246,0.241,0.23,0.224,0.221,0.221,0.226,0.218,0.213,0.227,0.225,0.233,0.232,0.234,0.24,0.242,0.226,0.231,0.232,0.276,0.265,0.226,0.218,0.245,0.207,0.217,0.247,0.246,0.231,0.226,0.257,0.215,0.225,0.221,0.224,0.246
960.417,0.235,0.215,0.248,0.242,0.236,0.223,0.216,0.214,0.213,0.218,0.211,0.205,0.22,0.218,0.225,0.224,0.227,0.233,0.236,0.219,0.224,0.224,0.27,0.261,0.221,0.214,0.241,0.202,0.213,0.242,0.242,0.227,0.22,0.25,0.21,0.219,0.216,0.218,0.239
956.56,0.231,0.21,0.245,0.239,0.232,0.218,0.211,0.208,0.207,0.212,0.205,0.199,0.214,0.213,0.219,0.218,0.221,0.228,0.231,0.213,0.218,0.218,0.264,0.256,0.216,0.21,0.237,0.199,0.209,0.238,0.238,0.222,0.214,0.245,0.206,0.214,0.21,0.212,0.233
952.703,0.227,0.206,0.241,0.236,0.228,0.214,0.207,0.204,0.204,0.208,0.202,0.196,0.21,0.21,0.215,0.215,0.218,0.225,0.229,0.21,0.214,0.214,0.258,0.254,0.211,0.207,0.234,0.196,0.206,0.236,0.236,0.218,0.21,0.241,0.202,0.211,0.206,0.207,0.228
948.846,0.224,0.202,0.239,0.234,0.225,0.213,0.206,0.202,0.204,0.207,0.203,0.196,0.209,0.208,0.214,0.214,0.218,0.224,0.229,0.21,0.213,0.214,0.254,0.252,0.208,0.204,0.231,0.194,0.204,0.234,0.235,0.216,0.205,0.237,0.198,0.207,0.202,0.203,0.224
944.989,0.222,0.199,0.238,0.233,0.224,0.215,0.208,0.204,0.207,0.21,0.207,0.201,0.211,0.21,0.215,0.217,0.222,0.226,0.232,0.215,0.216,0.216,0.251,0.253,0.206,0.203,0.231,0.194,0.204,0.233,0.234,0.214,0.202,0.233,0.195,0.205,0.199,0.2,0.221
941.131,0.222,0.197,0.238,0.232,0.225,0.219,0.211,0.206,0.212,0.215,0.214,0.208,0.214,0.214,0.218,0.222,0.227,0.231,0.236,0.221,0.221,0.221,0.249,0.253,0.205,0.203,0.231,0.194,0.204,0.234,0.235,0.214,0.2,0.232,0.193,0.203,0.197,0.199,0.219
937.274,0.222,0.195,0.24,0.232,0.225,0.223,0.213,0.209,0.217,0.218,0.219,0.213,0.217,0.217,0.22,0.226,0.231,0.235,0.24,0.226,0.225,0.226,0.248,0.255,0.204,0.204,0.232,0.196,0.205,0.236,0.237,0.214,0.2,0.233,0.192,0.203,0.196,0.198,0.219
933.417,0.222,0.194,0.24,0.231,0.225,0.223,0.213,0.209,0.22,0.22,0.221,0.215,0.218,0.218,0.221,0.228,0.233,0.237,0.242,0.229,0.226,0.228,0.248,0.258,0.204,0.205,0.233,0.198,0.206,0.238,0.24,0.215,0.2,0.233,0.192,0.203,0.196,0.198,0.22
929.56,0.221,0.192,0.24,0.23,0.225,0.223,0.212,0.208,0.22,0.22,0.222,0.216,0.218,0.218,0.221,0.227,0.233,0.238,0.243,0.229,0.226,0.227,0.248,0.26,0.204,0.206,0.234,0.2,0.208,0.239,0.242,0.217,0.2,0.232,0.191,0.202,0.195,0.197,0.219
925.703,0.22,0.19,0.239,0.229,0.224,0.223,0.211,0.206,0.218,0.218,0.22,0.215,0.216,0.216,0.219,0.226,0.232,0.237,0.241,0.227,0.224,0.225,0.249,0.263,0.205,0.208,0.236,0.202,0.209,0.241,0.245,0.218,0.199,0.232,0.189,0.202,0.194,0.196,0.218
921.846,0.218,0.188,0.238,0.226,0.223,0.22,0.209,0.203,0.215,0.215,0.216,0.213,0.213,0.213,0.216,0.223,0.229,0.234,0.239,0.224,0.221,0.221,0.249,0.265,0.206,0.21,0.237,0.204,0.21,0.243,0.246,0.218,0.197,0.23,0.188,0.201,0.193,0.195,0.217
917.989,0.215,0.185,0.235,0.223,0.222,0.216,0.205,0.199,0.211,0.211,0.212,0.209,0.21,0.21,0.212,0.219,0.225,0.231,0.236,0.22,0.217,0.216,0.247,0.266,0.205,0.21,0.236,0.204,0.211,0.243,0.248,0.218,0.196,0.228,0.186,0.199,0.191,0.193,0.215
914.132,0.211,0.181,0.231,0.22,0.219,0.212,0.201,0.195,0.207,0.206,0.207,0.204,0.205,0.206,0.209,0.216,0.22,0.227,0.232,0.215,0.212,0.211,0.244,0.265,0.203,0.209,0.235,0.204,0.211,0.244,0.248,0.217,0.193,0.226,0.184,0.197,0.188,0.191,0.212
910.275,0.208,0.177,0.228,0.217,0.215,0.208,0.197,0.191,0.202,0.201,0.202,0.2,0.201,0.202,0.205,0.211,0.216,0.223,0.228,0.209,0.207,0.206,0.241,0.264,0.201,0.208,0.233,0.204,0.21,0.243,0.248,0.215,0.191,0.223,0.181,0.195,0.185,0.189,0.209
906.418,0.205,0.174,0.225,0.213,0.213,0.204,0.193,0.187,0.198,0.197,0.198,0.197,0.198,0.198,0.201,0.208,0.212,0.219,0.225,0.205,0.203,0.201,0.237,0.263,0.199,0.207,0.232,0.204,0.21,0.242,0.247,0.213,0.188,0.22,0.18,0.193,0.183,0.186,0.206
902.561,0.203,0.172,0.223,0.211,0.212,0.201,0.191,0.184,0.196,0.195,0.194,0.195,0.195,0.195,0.198,0.205,0.209,0.217,0.222,0.202,0.2,0.198,0.234,0.263,0.197,0.207,0.231,0.204,0.21,0.242,0.248,0.212,0.185,0.217,0.177,0.191,0.181,0.183,0.203
