Raman Shift,collagen,collagen,collagen,collagen,collagen,collagen,collagen,collagen,collagen,collagen,collagen,collagen,collagen,collagen,collagen,collagen,collagen,collagen,collagen,collagen,collagen,collagen,collagen,collagen,collagen,collagen,collagen,collagen,collagen,collagen,collagen,collagen,collagen,collagen,collagen,collagen,collagen,collagen,collagen,collagen,collagen,collagen,collagen,collagen,collagen,collagen,collagen,collagen,collagen,collagen,collagen,collagen,collagen,collagen,collagen,collagen,collagen,collagen,collagen,collagen,collagen,collagen,collagen,collagen,collagen,collagen,collagen,collagen,collagen,collagen,collagen,collagen,collagen,collagen,collagen,collagen,collagen,collagen,collagen,collagen,collagen,collagen,collagen,collagen,collagen,collagen,collagen,collagen,collagen,collagen,collagen,collagen,collagen,collagen,collagen,collagen,collagen,collagen,collagen,collagen,collagen,collagen,collagen,collagen,collagen,collagen,collagen,collagen,collagen,collagen,collagen,collagen,collagen,collagen,collagen,collagen,collagen,collagen,collagen,collagen,collagen,collagen,collagen,collagen,collagen,collagen,collagen,collagen,collagen,collagen,collagen,collagen,collagen,collagen,collagen,collagen,collagen,collagen,collagen,collagen,collagen,collagen,collagen,collagen,collagen,collagen,collagen,collagen,collagen,collagen,collagen,collagen,collagen,collagen,collagen,collagen,collagen,collagen,collagen,collagen,collagen,collagen,collagen,collagen,collagen,collagen,collagen,collagen,collagen,collagen,collagen,collagen,collagen,collagen,collagen,collagen,collagen,collagen,collagen,collagen,collagen,collagen,collagen,collagen,collagen,collagen,collagen,collagen,collagen,collagen,collagen,collagen,collagen,collagen,collagen
1199.56,0.329,0.349,0.335,0.348,0.328,0.331,0.318,0.333,0.313,0.331,0.318,0.331,0.313,0.333,0.318,0.331,0.325,0.322,0.345,0.319,0.302,0.292,0.295,0.319,0.302,0.319,0.3,0.33,0.335,0.331,0.335,0.334,0.328,0.33,0.328,0.321,0.312,0.328,0.334,0.323,0.327,0.338,0.34,0.329,0.323,0.328,0.325,0.335,0.348,0.358,0.35,0.348,0.328,0.346,0.318,0.327,0.326,0.327,0.321,0.309,0.32,0.319,0.333,0.312,0.326,0.309,0.312,0.327,0.323,0.332,0.322,0.322,0.314,0.312,0.282,0.277,0.275,0.291,0.322,0.329,0.315,0.321,0.319,0.323,0.321,0.31,0.293,0.283,0.296,0.317,0.338,0.349,0.346,0.331,0.334,0.31,0.301,0.279,0.286,0.311,0.334,0.345,0.334,0.341,0.335,0.331,0.326,0.324,0.323,0.332,0.339,0.336,0.351,0.325,0.3,0.302,0.316,0.329,0.334,0.343,0.324,0.329,0.338,0.335,0.328,0.328,0.324,0.319,0.335,0.348,0.339,0.349,0.364,0.358,0.358,0.342,0.333,0.312,0.318,0.334,0.326,0.3,0.321,0.32,0.323,0.331,0.325,0.327,0.31,0.319,0.323,0.339,0.32,0.326,0.321,0.304,0.317,0.31,0.318,0.326,0.329,0.323,0.336,0.344,0.326,0.344,0.338,0.339,0.346,0.325,0.317,0.312,0.311,0.31,0.306,0.331,0.305,0.314,0.318,0.311,0.322,0.319,0.323,0.335,0.316,0.324,0.329,0.33,0.339,0.309,0.29,0.308,0.307,0.329,0.327
1195.7,0.316,0.337,0.323,0.339,0.315,0.32,0.308,0.322,0.303,0.32,0.307,0.32,0.303,0.322,0.308,0.32,0.314,0.311,0.334,0.308,0.292,0.283,0.287,0.309,0.292,0.308,0.291,0.319,0.324,0.32,0.325,0.322,0.316,0.32,0.317,0.313,0.306,0.32,0.323,0.314,0.316,0.328,0.329,0.318,0.312,0.319,0.317,0.325,0.337,0.347,0.339,0.338,0.316,0.335,0.309,0.317,0.316,0.316,0.31,0.298,0.308,0.306,0.323,0.303,0.316,0.297,0.3,0.314,0.31,0.32,0.309,0.309,0.301,0.3,0.271,0.265,0.263,0.277,0.31,0.316,0.302,0.309,0.307,0.311,0.309,0.298,0.281,0.271,0.283,0.306,0.326,0.337,0.334,0.319,0.321,0.299,0.29,0.269,0.276,0.3,0.323,0.334,0.323,0.331,0.326,0.321,0.316,0.315,0.314,0.322,0.329,0.325,0.339,0.314,0.289,0.29,0.304,0.317,0.321,0.331,0.311,0.316,0.324,0.323,0.317,0.317,0.313,0.308,0.324,0.337,0.328,0.338,0.353,0.346,0.345,0.33,0.324,0.302,0.307,0.325,0.318,0.29,0.312,0.312,0.314,0.322,0.316,0.317,0.299,0.308,0.312,0.327,0.31,0.316,0.31,0.295,0.308,0.301,0.31,0.318,0.32,0.313,0.326,0.334,0.315,0.332,0.327,0.328,0.335,0.315,0.307,0.302,0.302,0.302,0.296,0.322,0.295,0.302,0.307,0.3,0.311,0.307,0.312,0.324,0.305,0.314,0.319,0.321,0.33,0.3,0.282,0.299,0.297,0.319,0.316
1191.84,0.305,0.325,0.312,0.329,0.304,0.311,0.3,0.313,0.294,0.31,0.298,0.31,0.294,0.313,0.3,0.311,0.305,0.301,0.324,0.299,0.284,0.275,0.279,0.3,0.284,0.299,0.282,0.309,0.313,0.31,0.316,0.312,0.306,0.31,0.307,0.306,0.301,0.314,0.314,0.306,0.307,0.318,0.318,0.308,0.303,0.311,0.31,0.317,0.327,0.335,0.327,0.328,0.306,0.324,0.301,0.309,0.307,0.307,0.302,0.288,0.296,0.294,0.313,0.295,0.308,0.286,0.289,0.304,0.299,0.309,0.297,0.297,0.291,0.29,0.261,0.255,0.252,0.266,0.299,0.305,0.292,0.298,0.298,0.301,0.298,0.288,0.271,0.262,0.273,0.295,0.316,0.326,0.323,0.307,0.309,0.289,0.28,0.26,0.268,0.29,0.313,0.325,0.313,0.323,0.318,0.313,0.306,0.307,0.307,0.313,0.32,0.315,0.328,0.305,0.28,0.281,0.294,0.307,0.308,0.319,0.301,0.305,0.313,0.312,0.307,0.308,0.303,0.298,0.313,0.327,0.318,0.327,0.342,0.334,0.333,0.318,0.314,0.293,0.297,0.316,0.31,0.281,0.304,0.304,0.307,0.314,0.307,0.309,0.29,0.299,0.302,0.318,0.301,0.306,0.301,0.287,0.299,0.292,0.303,0.311,0.312,0.304,0.318,0.325,0.304,0.32,0.317,0.317,0.325,0.306,0.298,0.293,0.294,0.294,0.288,0.313,0.287,0.291,0.297,0.291,0.302,0.297,0.3,0.313,0.296,0.304,0.308,0.313,0.322,0.291,0.275,0.291,0.287,0.311,0.306
1187.99,0.297,0.316,0.304,0.321,0.296,0.303,0.294,0.305,0.287,0.302,0.292,0.302,0.287,0.305,0.294,0.303,0.298,0.294,0.316,0.292,0.278,0.269,0.274,0.294,0.278,0.292,0.276,0.302,0.305,0.302,0.309,0.304,0.298,0.302,0.298,0.302,0.297,0.309,0.307,0.3,0.3,0.309,0.31,0.3,0.296,0.304,0.305,0.311,0.319,0.325,0.318,0.321,0.298,0.314,0.296,0.302,0.3,0.299,0.294,0.28,0.286,0.286,0.306,0.289,0.301,0.278,0.282,0.296,0.292,0.301,0.288,0.289,0.284,0.283,0.254,0.248,0.246,0.258,0.291,0.297,0.284,0.291,0.291,0.294,0.291,0.28,0.264,0.255,0.265,0.288,0.308,0.317,0.314,0.296,0.299,0.281,0.274,0.255,0.262,0.284,0.306,0.317,0.306,0.316,0.312,0.306,0.299,0.301,0.301,0.307,0.313,0.306,0.318,0.297,0.274,0.274,0.287,0.299,0.299,0.31,0.293,0.296,0.304,0.304,0.3,0.301,0.295,0.289,0.303,0.32,0.31,0.319,0.332,0.324,0.322,0.308,0.306,0.285,0.289,0.309,0.305,0.273,0.297,0.299,0.301,0.307,0.301,0.303,0.284,0.292,0.295,0.311,0.294,0.299,0.294,0.28,0.292,0.285,0.299,0.305,0.306,0.297,0.311,0.317,0.295,0.312,0.309,0.308,0.317,0.299,0.291,0.286,0.288,0.288,0.28,0.305,0.279,0.282,0.29,0.284,0.295,0.289,0.291,0.304,0.289,0.297,0.299,0.306,0.316,0.284,0.269,0.283,0.28,0.304,0.298
1184.13,0.293,0.31,0.299,0.316,0.292,0.298,0.291,0.3,0.283,0.297,0.289,0.297,0.283,0.3,0.291,0.298,0.294,0.291,0.311,0.287,0.276,0.266,0.272,0.29,0.276,0.287,0.274,0.297,0.3,0.297,0.305,0.298,0.291,0.298,0.293,0.3,0.296,0.307,0.302,0.296,0.296,0.302,0.305,0.295,0.292,0.3,0.302,0.306,0.314,0.318,0.31,0.316,0.292,0.307,0.293,0.299,0.296,0.295,0.29,0.274,0.279,0.281,0.302,0.286,0.297,0.274,0.278,0.292,0.288,0.296,0.284,0.284,0.281,0.279,0.251,0.244,0.242,0.255,0.287,0.292,0.28,0.286,0.287,0.291,0.287,0.277,0.261,0.252,0.262,0.284,0.302,0.312,0.308,0.289,0.293,0.277,0.271,0.252,0.259,0.28,0.301,0.313,0.301,0.313,0.309,0.303,0.294,0.298,0.298,0.303,0.308,0.301,0.311,0.292,0.271,0.271,0.284,0.295,0.293,0.304,0.289,0.291,0.299,0.3,0.296,0.296,0.29,0.283,0.296,0.316,0.306,0.313,0.326,0.318,0.314,0.302,0.301,0.28,0.283,0.305,0.301,0.268,0.292,0.296,0.298,0.304,0.297,0.3,0.281,0.289,0.291,0.307,0.291,0.294,0.289,0.276,0.286,0.28,0.296,0.302,0.302,0.293,0.306,0.312,0.288,0.306,0.304,0.302,0.311,0.294,0.286,0.281,0.283,0.284,0.274,0.3,0.274,0.276,0.285,0.281,0.291,0.283,0.285,0.299,0.286,0.293,0.293,0.301,0.312,0.279,0.265,0.279,0.274,0.299,0.291
1180.27,0.292,0.306,0.298,0.314,0.291,0.297,0.291,0.297,0.282,0.295,0.289,0.295,0.282,0.297,0.291,0.297,0.294,0.29,0.309,0.286,0.276,0.266,0.272,0.289,0.276,0.286,0.274,0.295,0.298,0.294,0.304,0.295,0.287,0.295,0.291,0.3,0.299,0.307,0.301,0.296,0.294,0.299,0.303,0.293,0.291,0.299,0.301,0.304,0.311,0.314,0.306,0.313,0.289,0.302,0.294,0.298,0.295,0.293,0.288,0.271,0.276,0.278,0.3,0.287,0.296,0.273,0.277,0.291,0.287,0.294,0.282,0.283,0.281,0.279,0.251,0.244,0.242,0.255,0.286,0.29,0.28,0.285,0.286,0.29,0.285,0.276,0.26,0.252,0.261,0.283,0.3,0.31,0.306,0.286,0.291,0.277,0.271,0.253,0.26,0.28,0.299,0.311,0.299,0.311,0.308,0.303,0.292,0.297,0.298,0.302,0.306,0.298,0.306,0.29,0.272,0.271,0.283,0.293,0.29,0.302,0.289,0.29,0.297,0.299,0.296,0.295,0.287,0.28,0.292,0.314,0.304,0.31,0.323,0.314,0.308,0.297,0.297,0.277,0.278,0.303,0.3,0.264,0.289,0.296,0.298,0.302,0.296,0.299,0.281,0.289,0.289,0.306,0.291,0.291,0.287,0.274,0.283,0.277,0.295,0.302,0.3,0.29,0.304,0.309,0.284,0.303,0.301,0.299,0.308,0.291,0.283,0.278,0.28,0.282,0.271,0.297,0.272,0.272,0.283,0.281,0.29,0.28,0.282,0.296,0.286,0.293,0.289,0.299,0.31,0.275,0.262,0.276,0.27,0.297,0.288
1176.41,0.294,0.305,0.3,0.314,0.293,0.298,0.293,0.298,0.284,0.296,0.29,0.296,0.284,0.298,0.293,0.298,0.296,0.292,0.31,0.287,0.279,0.269,0.274,0.291,0.279,0.287,0.276,0.295,0.299,0.295,0.305,0.295,0.286,0.295,0.291,0.304,0.303,0.31,0.301,0.298,0.296,0.299,0.303,0.294,0.293,0.3,0.302,0.304,0.311,0.313,0.304,0.314,0.289,0.3,0.297,0.299,0.296,0.294,0.289,0.27,0.275,0.279,0.302,0.291,0.297,0.274,0.279,0.292,0.289,0.296,0.283,0.285,0.283,0.282,0.254,0.247,0.245,0.258,0.287,0.291,0.282,0.287,0.288,0.291,0.287,0.278,0.263,0.254,0.264,0.284,0.3,0.31,0.305,0.285,0.291,0.278,0.274,0.256,0.262,0.282,0.301,0.313,0.299,0.313,0.31,0.305,0.293,0.298,0.3,0.304,0.307,0.297,0.303,0.291,0.275,0.274,0.286,0.295,0.289,0.302,0.29,0.291,0.298,0.3,0.298,0.297,0.288,0.279,0.291,0.315,0.304,0.31,0.322,0.314,0.306,0.294,0.296,0.277,0.277,0.303,0.301,0.264,0.289,0.298,0.3,0.303,0.298,0.302,0.285,0.291,0.291,0.308,0.293,0.291,0.288,0.275,0.282,0.277,0.297,0.303,0.3,0.29,0.303,0.309,0.282,0.303,0.301,0.298,0.307,0.291,0.282,0.278,0.28,0.284,0.27,0.296,0.272,0.271,0.285,0.284,0.291,0.281,0.281,0.296,0.288,0.295,0.288,0.299,0.311,0.275,0.262,0.275,0.269,0.297,0.287
1172.56,0.296,0.305,0.303,0.316,0.295,0.299,0.296,0.299,0.287,0.297,0.293,0.297,0.287,0.299,0.296,0.299,0.299,0.294,0.311,0.29,0.282,0.272,0.277,0.293,0.282,0.29,0.279,0.297,0.301,0.296,0.307,0.296,0.285,0.296,0.292,0.308,0.308,0.313,0.303,0.301,0.298,0.299,0.304,0.296,0.295,0.301,0.304,0.305,0.311,0.312,0.304,0.315,0.289,0.3,0.301,0.302,0.298,0.296,0.291,0.27,0.275,0.28,0.303,0.294,0.299,0.277,0.281,0.294,0.291,0.298,0.285,0.287,0.286,0.285,0.257,0.25,0.249,0.262,0.289,0.294,0.285,0.288,0.29,0.293,0.29,0.281,0.266,0.256,0.266,0.287,0.301,0.311,0.306,0.285,0.291,0.28,0.277,0.26,0.266,0.285,0.303,0.314,0.301,0.314,0.313,0.308,0.295,0.3,0.303,0.306,0.308,0.298,0.302,0.293,0.278,0.277,0.289,0.297,0.289,0.302,0.292,0.292,0.298,0.302,0.3,0.299,0.289,0.279,0.29,0.316,0.306,0.31,0.322,0.314,0.305,0.293,0.296,0.277,0.276,0.304,0.304,0.263,0.29,0.301,0.302,0.305,0.301,0.304,0.288,0.294,0.294,0.31,0.296,0.293,0.289,0.276,0.283,0.278,0.3,0.305,0.301,0.29,0.304,0.309,0.281,0.304,0.301,0.297,0.307,0.291,0.283,0.278,0.281,0.285,0.27,0.296,0.273,0.271,0.287,0.288,0.294,0.281,0.282,0.297,0.291,0.298,0.288,0.3,0.313,0.274,0.263,0.275,0.269,0.298,0.286
1168.7,0.298,0.305,0.305,0.317,0.297,0.301,0.299,0.299,0.288,0.296,0.294,0.296,0.288,0.299,0.299,0.301,0.301,0.296,0.312,0.291,0.285,0.275,0.279,0.294,0.285,0.291,0.281,0.299,0.302,0.298,0.309,0.295,0.284,0.296,0.293,0.311,0.311,0.316,0.304,0.303,0.299,0.299,0.304,0.297,0.296,0.302,0.305,0.305,0.311,0.311,0.303,0.316,0.289,0.299,0.303,0.303,0.299,0.296,0.291,0.269,0.275,0.281,0.304,0.296,0.3,0.278,0.283,0.296,0.293,0.299,0.286,0.289,0.289,0.288,0.26,0.253,0.252,0.265,0.291,0.295,0.286,0.29,0.292,0.294,0.291,0.284,0.268,0.258,0.269,0.289,0.302,0.312,0.306,0.285,0.291,0.283,0.28,0.263,0.269,0.287,0.305,0.316,0.303,0.315,0.315,0.309,0.296,0.301,0.304,0.306,0.309,0.298,0.302,0.294,0.281,0.28,0.292,0.298,0.289,0.302,0.294,0.293,0.299,0.304,0.301,0.3,0.289,0.279,0.29,0.317,0.307,0.31,0.322,0.314,0.304,0.291,0.295,0.276,0.275,0.304,0.305,0.263,0.29,0.303,0.303,0.306,0.303,0.306,0.291,0.296,0.296,0.312,0.299,0.294,0.29,0.277,0.282,0.278,0.301,0.305,0.302,0.289,0.304,0.308,0.281,0.304,0.302,0.297,0.306,0.29,0.282,0.278,0.281,0.286,0.27,0.295,0.274,0.27,0.288,0.29,0.295,0.282,0.282,0.298,0.294,0.3,0.287,0.301,0.314,0.273,0.264,0.275,0.268,0.298,0.285
1164.84,0.299,0.303,0.306,0.317,0.299,0.301,0.3,0.298,0.288,0.295,0.295,0.295,0.288,0.298,0.3,0.301,0.301,0.298,0.313,0.292,0.286,0.277,0.281,0.295,0.286,0.292,0.283,0.299,0.302,0.298,0.309,0.294,0.283,0.295,0.293,0.315,0.313,0.317,0.303,0.304,0.299,0.298,0.304,0.297,0.297,0.301,0.305,0.304,0.31,0.309,0.302,0.316,0.287,0.298,0.304,0.303,0.299,0.296,0.291,0.268,0.274,0.282,0.305,0.298,0.3,0.28,0.285,0.297,0.294,0.3,0.287,0.29,0.291,0.29,0.262,0.255,0.255,0.268,0.292,0.296,0.288,0.291,0.293,0.295,0.292,0.285,0.27,0.26,0.271,0.291,0.302,0.313,0.307,0.285,0.291,0.284,0.281,0.265,0.271,0.289,0.306,0.317,0.304,0.315,0.316,0.31,0.296,0.302,0.305,0.307,0.309,0.298,0.3,0.295,0.283,0.283,0.293,0.299,0.289,0.302,0.295,0.295,0.299,0.305,0.303,0.301,0.288,0.278,0.289,0.318,0.307,0.309,0.322,0.313,0.303,0.289,0.293,0.275,0.273,0.303,0.305,0.262,0.289,0.303,0.304,0.306,0.304,0.308,0.293,0.298,0.297,0.313,0.301,0.294,0.289,0.277,0.28,0.277,0.301,0.305,0.301,0.288,0.302,0.307,0.279,0.304,0.301,0.295,0.305,0.289,0.282,0.276,0.28,0.286,0.268,0.294,0.273,0.269,0.288,0.292,0.297,0.282,0.281,0.298,0.297,0.302,0.286,0.301,0.314,0.272,0.264,0.273,0.266,0.297,0.283
1160.99,0.299,0.302,0.307,0.316,0.3,0.301,0.3,0.296,0.288,0.294,0.295,0.294,0.288,0.296,0.3,0.301,0.301,0.299,0.313,0.292,0.287,0.278,0.281,0.295,0.287,0.292,0.285,0.3,0.303,0.298,0.31,0.293,0.281,0.294,0.293,0.317,0.315,0.319,0.303,0.304,0.299,0.297,0.304,0.297,0.297,0.3,0.304,0.302,0.309,0.308,0.301,0.315,0.286,0.296,0.305,0.303,0.299,0.295,0.291,0.268,0.273,0.283,0.306,0.298,0.3,0.281,0.286,0.298,0.295,0.3,0.288,0.291,0.292,0.292,0.264,0.257,0.257,0.27,0.293,0.297,0.289,0.291,0.293,0.295,0.292,0.287,0.272,0.261,0.273,0.293,0.302,0.313,0.307,0.284,0.291,0.284,0.282,0.267,0.273,0.29,0.305,0.318,0.304,0.315,0.316,0.311,0.295,0.301,0.306,0.307,0.309,0.297,0.298,0.295,0.284,0.284,0.295,0.3,0.29,0.301,0.296,0.295,0.299,0.305,0.304,0.301,0.288,0.278,0.288,0.318,0.306,0.309,0.321,0.312,0.302,0.287,0.291,0.274,0.271,0.302,0.305,0.261,0.287,0.304,0.304,0.306,0.305,0.309,0.294,0.298,0.297,0.314,0.301,0.293,0.288,0.277,0.278,0.276,0.301,0.305,0.299,0.287,0.301,0.306,0.278,0.303,0.3,0.294,0.303,0.287,0.28,0.275,0.279,0.286,0.267,0.293,0.273,0.267,0.288,0.294,0.298,0.281,0.28,0.299,0.298,0.302,0.285,0.301,0.314,0.27,0.263,0.271,0.264,0.296,0.281
1157.13,0.298,0.299,0.305,0.313,0.299,0.299,0.299,0.293,0.287,0.292,0.294,0.292,0.287,0.293,0.299,0.299,0.3,0.298,0.312,0.291,0.286,0.277,0.281,0.294,0.286,0.291,0.285,0.299,0.302,0.297,0.309,0.29,0.278,0.293,0.293,0.319,0.316,0.318,0.302,0.303,0.297,0.295,0.302,0.296,0.296,0.298,0.302,0.299,0.306,0.305,0.298,0.313,0.283,0.294,0.306,0.302,0.298,0.294,0.289,0.266,0.271,0.281,0.305,0.297,0.299,0.28,0.285,0.297,0.294,0.298,0.287,0.289,0.292,0.292,0.264,0.256,0.257,0.269,0.292,0.295,0.287,0.29,0.292,0.294,0.291,0.287,0.272,0.261,0.272,0.293,0.3,0.311,0.305,0.282,0.288,0.283,0.281,0.266,0.273,0.289,0.303,0.316,0.303,0.314,0.314,0.31,0.293,0.3,0.304,0.306,0.307,0.295,0.295,0.293,0.284,0.284,0.294,0.299,0.288,0.299,0.294,0.294,0.298,0.304,0.303,0.3,0.287,0.277,0.285,0.316,0.305,0.307,0.319,0.311,0.3,0.283,0.288,0.271,0.268,0.3,0.304,0.259,0.285,0.303,0.303,0.305,0.304,0.308,0.294,0.297,0.296,0.313,0.3,0.291,0.286,0.276,0.275,0.274,0.301,0.304,0.297,0.284,0.298,0.303,0.276,0.301,0.299,0.292,0.301,0.284,0.278,0.272,0.277,0.284,0.265,0.29,0.271,0.264,0.287,0.293,0.297,0.279,0.277,0.297,0.298,0.301,0.282,0.299,0.312,0.269,0.262,0.269,0.261,0.295,0.278
1153.27,0.295,0.295,0.303,0.31,0.297,0.297,0.297,0.29,0.284,0.288,0.292,0.288,0.284,0.29,0.297,0.297,0.297,0.295,0.309,0.288,0.285,0.276,0.279,0.291,0.285,0.288,0.283,0.297,0.3,0.294,0.307,0.287,0.274,0.29,0.291,0.318,0.315,0.316,0.299,0.302,0.294,0.291,0.299,0.293,0.294,0.295,0.3,0.295,0.303,0.301,0.295,0.31,0.28,0.29,0.305,0.3,0.295,0.292,0.287,0.263,0.268,0.279,0.302,0.296,0.297,0.278,0.283,0.295,0.291,0.296,0.284,0.287,0.29,0.29,0.262,0.254,0.255,0.267,0.29,0.292,0.285,0.288,0.291,0.292,0.289,0.285,0.271,0.259,0.27,0.291,0.298,0.309,0.303,0.279,0.285,0.281,0.279,0.265,0.271,0.287,0.3,0.314,0.3,0.312,0.311,0.307,0.289,0.297,0.302,0.304,0.303,0.292,0.292,0.29,0.282,0.282,0.292,0.296,0.285,0.295,0.292,0.291,0.295,0.301,0.302,0.297,0.284,0.274,0.281,0.314,0.302,0.304,0.315,0.308,0.296,0.279,0.284,0.268,0.264,0.298,0.302,0.256,0.282,0.301,0.301,0.302,0.301,0.306,0.292,0.295,0.294,0.311,0.298,0.288,0.283,0.274,0.273,0.272,0.3,0.302,0.295,0.282,0.295,0.3,0.273,0.298,0.296,0.289,0.298,0.281,0.275,0.269,0.274,0.282,0.262,0.287,0.269,0.26,0.284,0.291,0.295,0.276,0.272,0.294,0.296,0.299,0.278,0.297,0.31,0.266,0.26,0.265,0.258,0.292,0.275
1149.41,0.292,0.291,0.3,0.306,0.294,0.294,0.294,0.286,0.281,0.284,0.288,0.284,0.281,0.286,0.294,0.294,0.293,0.292,0.305,0.285,0.282,0.273,0.276,0.288,0.282,0.285,0.281,0.294,0.296,0.29,0.303,0.283,0.27,0.288,0.288,0.314,0.313,0.313,0.295,0.299,0.292,0.287,0.296,0.29,0.292,0.292,0.297,0.29,0.298,0.296,0.291,0.306,0.276,0.284,0.304,0.298,0.293,0.289,0.284,0.259,0.264,0.276,0.3,0.295,0.294,0.275,0.28,0.292,0.288,0.292,0.281,0.284,0.287,0.287,0.26,0.252,0.253,0.265,0.286,0.288,0.283,0.285,0.289,0.29,0.286,0.283,0.27,0.257,0.268,0.289,0.295,0.305,0.299,0.275,0.281,0.279,0.277,0.263,0.269,0.284,0.296,0.31,0.296,0.308,0.308,0.303,0.286,0.293,0.299,0.3,0.299,0.288,0.286,0.287,0.28,0.28,0.289,0.294,0.281,0.291,0.289,0.288,0.292,0.298,0.299,0.295,0.28,0.271,0.276,0.31,0.298,0.3,0.311,0.303,0.291,0.274,0.28,0.265,0.26,0.294,0.299,0.253,0.279,0.299,0.298,0.298,0.299,0.303,0.289,0.292,0.29,0.307,0.295,0.284,0.28,0.272,0.269,0.269,0.298,0.3,0.292,0.279,0.292,0.296,0.269,0.294,0.293,0.285,0.294,0.278,0.273,0.265,0.27,0.279,0.259,0.282,0.265,0.255,0.28,0.289,0.292,0.271,0.268,0.289,0.293,0.295,0.274,0.293,0.307,0.262,0.257,0.261,0.254,0.289,0.27
1145.56,0.289,0.286,0.297,0.303,0.292,0.291,0.292,0.282,0.278,0.28,0.286,0.28,0.278,0.282,0.292,0.291,0.29,0.289,0.301,0.282,0.279,0.271,0.274,0.285,0.279,0.282,0.279,0.291,0.293,0.287,0.3,0.279,0.267,0.285,0.284,0.31,0.31,0.309,0.292,0.298,0.29,0.283,0.292,0.287,0.29,0.289,0.293,0.285,0.294,0.291,0.287,0.303,0.272,0.28,0.302,0.296,0.29,0.287,0.282,0.256,0.261,0.273,0.297,0.293,0.291,0.273,0.278,0.29,0.286,0.289,0.278,0.281,0.285,0.285,0.258,0.25,0.251,0.264,0.283,0.285,0.281,0.284,0.287,0.288,0.284,0.282,0.269,0.256,0.267,0.288,0.292,0.302,0.296,0.271,0.277,0.277,0.274,0.261,0.267,0.281,0.293,0.306,0.292,0.304,0.304,0.3,0.282,0.289,0.296,0.297,0.295,0.284,0.282,0.283,0.279,0.278,0.287,0.292,0.278,0.288,0.287,0.286,0.289,0.295,0.297,0.292,0.276,0.267,0.271,0.305,0.295,0.297,0.307,0.299,0.287,0.269,0.276,0.262,0.256,0.291,0.296,0.249,0.275,0.297,0.296,0.295,0.296,0.301,0.287,0.289,0.288,0.304,0.293,0.28,0.276,0.269,0.265,0.266,0.296,0.298,0.289,0.276,0.289,0.293,0.266,0.291,0.289,0.282,0.29,0.274,0.27,0.262,0.267,0.277,0.255,0.278,0.262,0.251,0.276,0.287,0.289,0.268,0.263,0.285,0.291,0.292,0.269,0.29,0.304,0.259,0.254,0.258,0.251,0.287,0.267
1141.7,0.288,0.283,0.295,0.3,0.291,0.289,0.291,0.28,0.277,0.277,0.285,0.277,0.277,0.28,0.291,0.289,0.289,0.288,0.298,0.28,0.279,0.27,0.273,0.283,0.279,0.28,0.279,0.289,0.291,0.284,0.297,0.277,0.264,0.284,0.281,0.307,0.308,0.305,0.29,0.298,0.289,0.28,0.289,0.285,0.289,0.287,0.291,0.281,0.291,0.287,0.283,0.3,0.268,0.276,0.302,0.295,0.289,0.286,0.28,0.254,0.258,0.272,0.295,0.293,0.29,0.273,0.278,0.29,0.285,0.287,0.276,0.279,0.284,0.285,0.258,0.25,0.252,0.264,0.282,0.283,0.281,0.283,0.287,0.287,0.283,0.282,0.271,0.257,0.268,0.288,0.29,0.3,0.293,0.268,0.274,0.276,0.274,0.261,0.267,0.28,0.29,0.303,0.29,0.3,0.301,0.298,0.279,0.286,0.294,0.294,0.292,0.281,0.278,0.281,0.279,0.278,0.287,0.291,0.276,0.285,0.286,0.285,0.288,0.295,0.296,0.291,0.273,0.263,0.266,0.302,0.291,0.293,0.304,0.296,0.285,0.265,0.272,0.26,0.253,0.288,0.294,0.247,0.273,0.297,0.294,0.293,0.294,0.3,0.286,0.288,0.286,0.303,0.292,0.277,0.273,0.267,0.261,0.263,0.296,0.296,0.288,0.275,0.287,0.291,0.265,0.289,0.286,0.28,0.287,0.272,0.268,0.26,0.265,0.275,0.252,0.275,0.259,0.247,0.274,0.286,0.288,0.265,0.259,0.282,0.29,0.291,0.265,0.287,0.301,0.256,0.252,0.254,0.249,0.285,0.264
1137.84,0.289,0.281,0.296,0.298,0.292,0.29,0.293,0.28,0.278,0.276,0.286,0.276,0.278,0.28,0.293,0.29,0.29,0.288,0.298,0.281,0.281,0.272,0.275,0.284,0.281,0.281,0.281,0.289,0.291,0.284,0.298,0.277,0.264,0.284,0.281,0.307,0.309,0.305,0.29,0.3,0.29,0.279,0.289,0.287,0.291,0.287,0.291,0.279,0.289,0.285,0.282,0.299,0.266,0.273,0.305,0.296,0.289,0.286,0.281,0.255,0.257,0.273,0.295,0.296,0.29,0.274,0.279,0.291,0.286,0.288,0.276,0.281,0.286,0.287,0.261,0.253,0.255,0.268,0.283,0.284,0.283,0.285,0.289,0.29,0.285,0.285,0.275,0.26,0.271,0.29,0.29,0.3,0.292,0.268,0.273,0.278,0.277,0.263,0.269,0.28,0.289,0.302,0.289,0.299,0.3,0.298,0.278,0.286,0.294,0.294,0.291,0.279,0.275,0.282,0.282,0.282,0.289,0.292,0.276,0.285,0.288,0.286,0.288,0.296,0.297,0.292,0.272,0.261,0.264,0.301,0.29,0.292,0.303,0.296,0.283,0.263,0.27,0.26,0.251,0.288,0.295,0.247,0.272,0.298,0.295,0.293,0.295,0.302,0.288,0.289,0.287,0.304,0.293,0.277,0.273,0.267,0.26,0.263,0.297,0.297,0.288,0.275,0.286,0.291,0.264,0.289,0.285,0.28,0.286,0.272,0.269,0.26,0.264,0.276,0.252,0.273,0.257,0.245,0.274,0.288,0.289,0.265,0.259,0.282,0.292,0.292,0.264,0.286,0.302,0.256,0.252,0.253,0.248,0.286,0.263
1133.99,0.292,0.281,0.299,0.298,0.297,0.293,0.297,0.282,0.282,0.278,0.289,0.278,0.282,0.282,0.297,0.293,0.292,0.291,0.299,0.284,0.286,0.276,0.279,0.288,0.286,0.284,0.286,0.292,0.294,0.285,0.3,0.28,0.266,0.287,0.283,0.31,0.313,0.307,0.292,0.304,0.293,0.28,0.291,0.29,0.295,0.29,0.293,0.278,0.29,0.285,0.282,0.301,0.267,0.272,0.31,0.3,0.292,0.289,0.284,0.256,0.258,0.276,0.297,0.302,0.292,0.278,0.283,0.295,0.289,0.29,0.279,0.285,0.29,0.292,0.266,0.258,0.261,0.274,0.287,0.287,0.288,0.289,0.293,0.294,0.289,0.291,0.281,0.265,0.276,0.294,0.292,0.302,0.294,0.269,0.274,0.281,0.282,0.268,0.273,0.284,0.291,0.303,0.291,0.3,0.302,0.3,0.28,0.287,0.297,0.297,0.293,0.28,0.275,0.285,0.288,0.287,0.293,0.296,0.278,0.287,0.292,0.289,0.291,0.299,0.301,0.295,0.273,0.261,0.263,0.301,0.291,0.293,0.304,0.297,0.284,0.263,0.271,0.262,0.253,0.29,0.298,0.249,0.275,0.302,0.298,0.296,0.298,0.305,0.293,0.293,0.291,0.307,0.297,0.279,0.274,0.27,0.26,0.265,0.301,0.301,0.291,0.277,0.288,0.292,0.266,0.291,0.287,0.281,0.288,0.273,0.271,0.262,0.266,0.278,0.253,0.274,0.259,0.246,0.277,0.292,0.292,0.266,0.26,0.284,0.296,0.296,0.264,0.288,0.304,0.258,0.254,0.254,0.25,0.289,0.265
1130.13,0.298,0.284,0.303,0.3,0.303,0.298,0.303,0.287,0.287,0.281,0.294,0.281,0.287,0.287,0.303,0.298,0.297,0.296,0.303,0.289,0.292,0.282,0.285,0.293,0.292,0.289,0.294,0.297,0.299,0.289,0.305,0.284,0.27,0.292,0.288,0.317,0.321,0.312,0.297,0.311,0.299,0.284,0.295,0.295,0.302,0.294,0.298,0.281,0.293,0.288,0.286,0.305,0.27,0.274,0.319,0.306,0.297,0.294,0.288,0.26,0.261,0.281,0.302,0.309,0.297,0.283,0.289,0.3,0.295,0.294,0.284,0.291,0.297,0.298,0.273,0.266,0.269,0.283,0.293,0.292,0.295,0.295,0.299,0.301,0.295,0.298,0.289,0.272,0.283,0.301,0.297,0.306,0.297,0.271,0.278,0.287,0.29,0.275,0.28,0.29,0.295,0.307,0.295,0.303,0.306,0.305,0.284,0.291,0.302,0.301,0.296,0.283,0.278,0.29,0.296,0.295,0.301,0.302,0.283,0.291,0.297,0.294,0.295,0.305,0.306,0.3,0.276,0.263,0.265,0.304,0.295,0.296,0.307,0.301,0.288,0.266,0.273,0.265,0.257,0.293,0.303,0.252,0.278,0.308,0.303,0.301,0.304,0.311,0.3,0.299,0.297,0.313,0.303,0.283,0.279,0.274,0.263,0.268,0.307,0.306,0.296,0.282,0.292,0.296,0.269,0.295,0.29,0.284,0.292,0.277,0.276,0.266,0.27,0.283,0.257,0.276,0.262,0.249,0.282,0.299,0.297,0.27,0.263,0.288,0.302,0.301,0.267,0.291,0.309,0.261,0.258,0.257,0.254,0.293,0.267
1126.27,0.305,0.288,0.309,0.303,0.309,0.304,0.309,0.291,0.293,0.285,0.3,0.285,0.293,0.291,0.309,0.304,0.301,0.302,0.307,0.295,0.299,0.288,0.291,0.299,0.299,0.295,0.301,0.302,0.304,0.294,0.31,0.288,0.275,0.297,0.294,0.325,0.33,0.319,0.302,0.319,0.306,0.288,0.299,0.301,0.308,0.3,0.303,0.285,0.297,0.291,0.29,0.31,0.274,0.277,0.327,0.313,0.303,0.299,0.294,0.264,0.265,0.286,0.308,0.318,0.302,0.289,0.295,0.306,0.301,0.299,0.29,0.296,0.304,0.305,0.28,0.273,0.276,0.291,0.299,0.296,0.302,0.301,0.306,0.308,0.301,0.306,0.298,0.28,0.291,0.308,0.301,0.311,0.301,0.275,0.282,0.293,0.298,0.283,0.287,0.297,0.3,0.312,0.3,0.308,0.311,0.31,0.289,0.295,0.307,0.307,0.301,0.286,0.282,0.296,0.305,0.303,0.308,0.308,0.287,0.296,0.304,0.3,0.301,0.311,0.312,0.306,0.28,0.266,0.268,0.309,0.3,0.301,0.31,0.305,0.294,0.268,0.275,0.27,0.261,0.298,0.308,0.256,0.282,0.314,0.309,0.306,0.309,0.317,0.307,0.305,0.303,0.319,0.31,0.287,0.284,0.279,0.266,0.272,0.312,0.312,0.301,0.287,0.296,0.301,0.273,0.3,0.294,0.289,0.296,0.282,0.281,0.271,0.275,0.288,0.261,0.279,0.266,0.252,0.287,0.305,0.302,0.274,0.266,0.292,0.308,0.307,0.271,0.294,0.313,0.264,0.262,0.26,0.258,0.299,0.27
1122.41,0.31,0.291,0.314,0.307,0.315,0.309,0.313,0.296,0.298,0.289,0.305,0.289,0.298,0.296,0.313,0.309,0.306,0.307,0.311,0.3,0.305,0.294,0.296,0.304,0.305,0.3,0.308,0.307,0.309,0.298,0.314,0.293,0.279,0.303,0.299,0.333,0.34,0.325,0.307,0.326,0.313,0.291,0.304,0.306,0.315,0.305,0.308,0.289,0.3,0.293,0.294,0.314,0.278,0.281,0.336,0.32,0.308,0.304,0.299,0.269,0.268,0.292,0.313,0.327,0.307,0.294,0.301,0.312,0.307,0.303,0.294,0.302,0.31,0.311,0.286,0.28,0.283,0.299,0.304,0.301,0.309,0.307,0.312,0.314,0.308,0.313,0.306,0.286,0.298,0.314,0.306,0.316,0.304,0.278,0.286,0.3,0.305,0.289,0.293,0.303,0.305,0.317,0.305,0.313,0.316,0.315,0.294,0.299,0.312,0.312,0.305,0.29,0.285,0.302,0.312,0.311,0.315,0.313,0.292,0.3,0.31,0.305,0.306,0.316,0.318,0.312,0.284,0.269,0.271,0.314,0.305,0.305,0.314,0.309,0.298,0.272,0.278,0.274,0.264,0.301,0.313,0.26,0.286,0.32,0.313,0.309,0.314,0.322,0.313,0.31,0.308,0.324,0.316,0.29,0.287,0.284,0.27,0.276,0.318,0.317,0.306,0.292,0.3,0.305,0.278,0.303,0.298,0.293,0.3,0.286,0.286,0.276,0.279,0.292,0.265,0.281,0.269,0.255,0.291,0.311,0.307,0.278,0.269,0.296,0.313,0.313,0.274,0.297,0.317,0.267,0.265,0.262,0.262,0.304,0.274
1118.56,0.314,0.294,0.317,0.309,0.32,0.314,0.317,0.299,0.302,0.292,0.309,0.292,0.302,0.299,0.317,0.314,0.31,0.311,0.315,0.304,0.31,0.298,0.3,0.307,0.31,0.304,0.313,0.311,0.313,0.301,0.316,0.296,0.283,0.307,0.303,0.339,0.347,0.331,0.311,0.331,0.319,0.294,0.307,0.311,0.32,0.309,0.312,0.292,0.303,0.294,0.297,0.318,0.282,0.283,0.343,0.325,0.313,0.309,0.304,0.273,0.272,0.296,0.317,0.334,0.312,0.299,0.305,0.317,0.311,0.307,0.298,0.307,0.315,0.316,0.291,0.286,0.289,0.306,0.309,0.305,0.314,0.311,0.317,0.318,0.313,0.319,0.312,0.292,0.304,0.319,0.31,0.319,0.308,0.281,0.289,0.305,0.312,0.295,0.298,0.308,0.309,0.32,0.309,0.317,0.32,0.32,0.297,0.302,0.316,0.317,0.308,0.293,0.287,0.305,0.318,0.317,0.321,0.317,0.295,0.304,0.314,0.31,0.309,0.321,0.322,0.317,0.288,0.271,0.274,0.319,0.309,0.308,0.317,0.312,0.301,0.275,0.28,0.277,0.267,0.304,0.317,0.263,0.289,0.324,0.317,0.312,0.318,0.326,0.318,0.314,0.311,0.327,0.32,0.293,0.29,0.288,0.273,0.279,0.322,0.321,0.309,0.295,0.303,0.309,0.281,0.307,0.3,0.297,0.303,0.289,0.289,0.279,0.282,0.295,0.268,0.282,0.271,0.257,0.294,0.315,0.311,0.281,0.27,0.299,0.317,0.316,0.276,0.299,0.319,0.271,0.267,0.264,0.265,0.308,0.277
1114.7,0.317,0.296,0.32,0.31,0.324,0.317,0.321,0.302,0.305,0.294,0.311,0.294,0.305,0.302,0.321,0.317,0.312,0.314,0.317,0.308,0.314,0.301,0.303,0.311,0.314,0.308,0.318,0.314,0.316,0.303,0.318,0.299,0.286,0.31,0.307,0.344,0.353,0.334,0.313,0.335,0.323,0.296,0.309,0.314,0.325,0.312,0.314,0.294,0.306,0.296,0.299,0.322,0.284,0.285,0.348,0.33,0.317,0.313,0.307,0.277,0.275,0.3,0.32,0.34,0.316,0.303,0.309,0.321,0.315,0.31,0.302,0.311,0.319,0.321,0.296,0.291,0.294,0.311,0.313,0.309,0.319,0.315,0.322,0.323,0.317,0.324,0.318,0.297,0.309,0.323,0.313,0.322,0.31,0.283,0.29,0.309,0.317,0.3,0.303,0.312,0.312,0.323,0.312,0.319,0.322,0.323,0.3,0.304,0.318,0.32,0.31,0.295,0.289,0.307,0.323,0.321,0.326,0.32,0.298,0.306,0.318,0.313,0.313,0.324,0.325,0.321,0.291,0.273,0.276,0.321,0.312,0.311,0.319,0.314,0.304,0.277,0.281,0.281,0.27,0.306,0.319,0.265,0.291,0.328,0.32,0.315,0.321,0.329,0.321,0.317,0.314,0.329,0.322,0.295,0.292,0.29,0.274,0.282,0.326,0.324,0.313,0.299,0.305,0.311,0.283,0.309,0.302,0.299,0.305,0.292,0.293,0.282,0.284,0.298,0.271,0.283,0.272,0.258,0.296,0.318,0.314,0.283,0.272,0.3,0.319,0.319,0.277,0.301,0.321,0.274,0.269,0.266,0.267,0.311,0.279
1110.84,0.32,0.297,0.322,0.31,0.328,0.321,0.324,0.305,0.308,0.296,0.314,0.296,0.308,0.305,0.324,0.321,0.314,0.316,0.318,0.311,0.317,0.304,0.306,0.313,0.317,0.311,0.322,0.316,0.318,0.305,0.32,0.3,0.288,0.314,0.31,0.348,0.359,0.337,0.315,0.339,0.326,0.298,0.311,0.316,0.328,0.315,0.316,0.295,0.307,0.297,0.301,0.324,0.286,0.286,0.352,0.333,0.32,0.316,0.31,0.281,0.277,0.303,0.323,0.345,0.318,0.307,0.313,0.325,0.318,0.313,0.305,0.314,0.323,0.325,0.3,0.295,0.299,0.317,0.316,0.311,0.323,0.319,0.326,0.328,0.321,0.329,0.324,0.302,0.314,0.327,0.316,0.324,0.311,0.285,0.292,0.312,0.322,0.305,0.306,0.315,0.314,0.325,0.314,0.321,0.324,0.325,0.302,0.306,0.32,0.321,0.311,0.295,0.289,0.309,0.326,0.325,0.33,0.323,0.299,0.308,0.321,0.316,0.315,0.327,0.329,0.325,0.292,0.274,0.277,0.323,0.314,0.312,0.321,0.315,0.306,0.278,0.282,0.283,0.272,0.308,0.321,0.268,0.292,0.331,0.322,0.317,0.323,0.332,0.324,0.319,0.316,0.332,0.325,0.296,0.293,0.293,0.274,0.284,0.329,0.327,0.316,0.302,0.307,0.314,0.285,0.31,0.303,0.301,0.307,0.294,0.295,0.285,0.286,0.3,0.273,0.283,0.273,0.259,0.298,0.32,0.316,0.284,0.273,0.302,0.322,0.321,0.278,0.302,0.324,0.276,0.271,0.267,0.27,0.315,0.28
1106.99,0.323,0.299,0.326,0.312,0.333,0.325,0.327,0.308,0.311,0.299,0.317,0.299,0.311,0.308,0.327,0.325,0.317,0.319,0.32,0.314,0.321,0.307,0.309,0.316,0.321,0.314,0.326,0.319,0.32,0.307,0.321,0.303,0.29,0.318,0.313,0.354,0.365,0.341,0.317,0.342,0.33,0.299,0.313,0.319,0.332,0.318,0.319,0.296,0.309,0.299,0.303,0.326,0.288,0.288,0.357,0.338,0.323,0.32,0.314,0.284,0.279,0.306,0.326,0.35,0.321,0.311,0.317,0.33,0.322,0.316,0.309,0.318,0.328,0.329,0.306,0.3,0.304,0.323,0.32,0.314,0.328,0.323,0.33,0.332,0.325,0.334,0.33,0.307,0.319,0.332,0.319,0.327,0.313,0.287,0.294,0.317,0.327,0.309,0.311,0.318,0.316,0.327,0.317,0.323,0.326,0.328,0.305,0.307,0.323,0.323,0.312,0.296,0.29,0.311,0.331,0.33,0.334,0.326,0.302,0.311,0.324,0.319,0.318,0.331,0.332,0.328,0.294,0.275,0.278,0.325,0.317,0.314,0.323,0.316,0.308,0.279,0.283,0.284,0.275,0.309,0.324,0.27,0.294,0.335,0.325,0.319,0.326,0.335,0.328,0.322,0.319,0.334,0.328,0.298,0.295,0.296,0.276,0.287,0.332,0.33,0.319,0.305,0.31,0.316,0.287,0.313,0.305,0.303,0.309,0.297,0.299,0.287,0.288,0.303,0.275,0.284,0.274,0.26,0.3,0.323,0.317,0.286,0.274,0.303,0.324,0.323,0.28,0.303,0.326,0.277,0.274,0.268,0.273,0.318,0.282
1103.13,0.326,0.301,0.329,0.313,0.337,0.328,0.33,0.311,0.315,0.301,0.32,0.301,0.315,0.311,0.33,0.328,0.319,0.321,0.322,0.318,0.325,0.31,0.313,0.32,0.325,0.318,0.331,0.322,0.323,0.308,0.323,0.306,0.293,0.322,0.317,0.36,0.371,0.345,0.32,0.347,0.335,0.302,0.315,0.322,0.335,0.321,0.322,0.299,0.312,0.3,0.305,0.33,0.291,0.29,0.362,0.343,0.327,0.324,0.318,0.288,0.28,0.309,0.329,0.356,0.324,0.314,0.321,0.334,0.325,0.318,0.312,0.321,0.332,0.334,0.31,0.305,0.31,0.329,0.324,0.317,0.334,0.327,0.335,0.337,0.33,0.34,0.336,0.312,0.325,0.336,0.322,0.33,0.315,0.29,0.296,0.321,0.332,0.314,0.315,0.321,0.319,0.329,0.319,0.326,0.328,0.331,0.307,0.309,0.325,0.326,0.314,0.297,0.291,0.313,0.336,0.335,0.339,0.329,0.305,0.314,0.328,0.322,0.321,0.335,0.337,0.333,0.297,0.277,0.28,0.327,0.32,0.316,0.324,0.317,0.31,0.282,0.284,0.287,0.277,0.311,0.327,0.273,0.297,0.339,0.328,0.321,0.329,0.337,0.331,0.324,0.322,0.336,0.33,0.3,0.297,0.299,0.279,0.289,0.336,0.333,0.322,0.309,0.312,0.319,0.29,0.315,0.307,0.305,0.312,0.3,0.303,0.291,0.291,0.306,0.278,0.284,0.275,0.261,0.301,0.325,0.319,0.287,0.275,0.304,0.326,0.325,0.282,0.304,0.327,0.28,0.275,0.269,0.276,0.321,0.285
1099.27,0.33,0.303,0.333,0.315,0.342,0.331,0.333,0.314,0.318,0.304,0.323,0.304,0.318,0.314,0.333,0.331,0.321,0.324,0.324,0.322,0.329,0.314,0.317,0.324,0.329,0.322,0.336,0.325,0.326,0.31,0.325,0.309,0.297,0.326,0.321,0.367,0.378,0.349,0.323,0.353,0.34,0.305,0.317,0.327,0.34,0.325,0.326,0.302,0.315,0.301,0.308,0.334,0.294,0.292,0.368,0.348,0.331,0.329,0.323,0.293,0.284,0.314,0.333,0.364,0.328,0.319,0.326,0.338,0.33,0.321,0.316,0.325,0.336,0.339,0.315,0.312,0.316,0.335,0.329,0.321,0.341,0.333,0.341,0.343,0.335,0.345,0.343,0.318,0.331,0.341,0.325,0.333,0.317,0.292,0.299,0.325,0.339,0.319,0.32,0.326,0.322,0.332,0.322,0.329,0.331,0.333,0.309,0.31,0.328,0.329,0.316,0.298,0.292,0.316,0.342,0.341,0.345,0.333,0.308,0.318,0.334,0.327,0.325,0.339,0.342,0.338,0.301,0.279,0.283,0.331,0.323,0.319,0.326,0.32,0.313,0.285,0.286,0.291,0.28,0.314,0.329,0.277,0.3,0.343,0.331,0.323,0.331,0.339,0.335,0.326,0.325,0.339,0.333,0.301,0.299,0.302,0.282,0.292,0.34,0.336,0.327,0.313,0.316,0.323,0.294,0.318,0.309,0.308,0.315,0.304,0.307,0.295,0.294,0.309,0.281,0.285,0.277,0.262,0.304,0.328,0.323,0.289,0.276,0.306,0.329,0.327,0.284,0.305,0.33,0.284,0.277,0.271,0.28,0.325,0.288
1095.41,0.336,0.307,0.338,0.317,0.349,0.336,0.337,0.319,0.323,0.307,0.327,0.307,0.323,0.319,0.337,0.336,0.326,0.328,0.327,0.327,0.335,0.319,0.321,0.329,0.335,0.327,0.342,0.33,0.329,0.312,0.328,0.314,0.303,0.332,0.327,0.374,0.387,0.355,0.328,0.36,0.347,0.309,0.321,0.332,0.347,0.33,0.33,0.306,0.319,0.303,0.312,0.339,0.299,0.295,0.376,0.354,0.336,0.334,0.329,0.298,0.288,0.32,0.338,0.373,0.334,0.325,0.332,0.344,0.336,0.326,0.321,0.331,0.343,0.345,0.322,0.32,0.324,0.344,0.335,0.326,0.35,0.34,0.349,0.351,0.343,0.353,0.352,0.327,0.34,0.348,0.33,0.338,0.321,0.296,0.304,0.331,0.347,0.326,0.326,0.332,0.327,0.335,0.326,0.333,0.334,0.337,0.313,0.313,0.331,0.333,0.319,0.301,0.294,0.321,0.35,0.35,0.353,0.34,0.313,0.324,0.341,0.333,0.331,0.345,0.348,0.345,0.307,0.282,0.286,0.335,0.328,0.324,0.33,0.324,0.317,0.289,0.289,0.295,0.284,0.316,0.333,0.281,0.304,0.348,0.335,0.326,0.335,0.343,0.34,0.331,0.33,0.343,0.338,0.304,0.302,0.307,0.284,0.295,0.344,0.34,0.331,0.318,0.319,0.328,0.298,0.322,0.313,0.312,0.319,0.309,0.312,0.299,0.297,0.312,0.284,0.286,0.279,0.263,0.307,0.332,0.327,0.292,0.279,0.309,0.333,0.331,0.286,0.307,0.333,0.287,0.279,0.272,0.284,0.331,0.291
1091.56,0.344,0.312,0.346,0.322,0.359,0.343,0.345,0.327,0.331,0.313,0.335,0.313,0.331,0.327,0.345,0.343,0.333,0.336,0.334,0.334,0.343,0.327,0.328,0.336,0.343,0.334,0.352,0.336,0.336,0.318,0.334,0.322,0.31,0.34,0.336,0.384,0.398,0.363,0.336,0.37,0.356,0.315,0.327,0.34,0.356,0.337,0.337,0.312,0.324,0.309,0.318,0.346,0.306,0.301,0.387,0.363,0.345,0.342,0.337,0.306,0.295,0.328,0.345,0.384,0.341,0.335,0.342,0.354,0.345,0.334,0.328,0.341,0.353,0.355,0.333,0.332,0.336,0.358,0.344,0.334,0.361,0.35,0.358,0.361,0.353,0.365,0.365,0.338,0.352,0.358,0.339,0.346,0.328,0.303,0.311,0.34,0.358,0.337,0.336,0.34,0.334,0.341,0.333,0.339,0.34,0.344,0.32,0.318,0.337,0.34,0.324,0.306,0.298,0.328,0.36,0.361,0.364,0.348,0.321,0.332,0.35,0.341,0.34,0.355,0.358,0.354,0.314,0.287,0.292,0.341,0.335,0.331,0.338,0.33,0.324,0.296,0.293,0.3,0.291,0.321,0.34,0.287,0.31,0.355,0.34,0.332,0.341,0.35,0.349,0.338,0.338,0.35,0.345,0.309,0.307,0.314,0.289,0.3,0.35,0.347,0.338,0.325,0.325,0.334,0.304,0.328,0.319,0.318,0.326,0.316,0.319,0.306,0.302,0.318,0.29,0.29,0.283,0.268,0.312,0.339,0.335,0.298,0.284,0.314,0.34,0.338,0.29,0.31,0.338,0.292,0.284,0.277,0.29,0.338,0.296
1087.7,0.355,0.32,0.356,0.331,0.37,0.352,0.355,0.336,0.341,0.321,0.345,0.321,0.341,0.336,0.355,0.352,0.342,0.345,0.344,0.344,0.354,0.337,0.337,0.345,0.354,0.344,0.363,0.346,0.345,0.326,0.342,0.33,0.318,0.35,0.346,0.396,0.411,0.373,0.345,0.381,0.368,0.323,0.337,0.351,0.368,0.346,0.344,0.319,0.332,0.317,0.328,0.356,0.315,0.309,0.4,0.374,0.355,0.352,0.346,0.315,0.305,0.339,0.356,0.396,0.35,0.346,0.354,0.365,0.357,0.344,0.339,0.355,0.365,0.368,0.346,0.346,0.35,0.373,0.355,0.345,0.373,0.362,0.369,0.373,0.366,0.378,0.379,0.35,0.366,0.371,0.35,0.356,0.336,0.311,0.32,0.351,0.372,0.349,0.348,0.352,0.345,0.35,0.343,0.348,0.349,0.352,0.328,0.325,0.345,0.349,0.332,0.314,0.305,0.337,0.373,0.375,0.378,0.359,0.331,0.342,0.362,0.351,0.351,0.367,0.369,0.365,0.323,0.294,0.299,0.35,0.344,0.34,0.348,0.339,0.334,0.304,0.299,0.307,0.299,0.328,0.347,0.293,0.317,0.364,0.348,0.34,0.349,0.36,0.361,0.347,0.349,0.36,0.354,0.317,0.314,0.321,0.296,0.306,0.358,0.354,0.346,0.332,0.333,0.342,0.312,0.337,0.327,0.326,0.334,0.324,0.327,0.314,0.309,0.325,0.297,0.295,0.288,0.274,0.32,0.35,0.345,0.306,0.291,0.323,0.35,0.347,0.296,0.316,0.345,0.299,0.289,0.282,0.298,0.347,0.304
1083.84,0.364,0.328,0.364,0.338,0.379,0.36,0.363,0.344,0.349,0.327,0.353,0.327,0.349,0.344,0.363,0.36,0.351,0.354,0.353,0.353,0.363,0.345,0.344,0.352,0.363,0.353,0.371,0.355,0.354,0.334,0.349,0.337,0.326,0.358,0.355,0.406,0.421,0.382,0.354,0.389,0.377,0.331,0.345,0.359,0.378,0.353,0.351,0.326,0.34,0.326,0.338,0.364,0.322,0.318,0.409,0.383,0.363,0.362,0.354,0.324,0.314,0.349,0.366,0.405,0.358,0.357,0.364,0.375,0.367,0.354,0.348,0.366,0.376,0.379,0.357,0.357,0.361,0.384,0.366,0.355,0.383,0.372,0.378,0.382,0.377,0.389,0.389,0.359,0.377,0.381,0.359,0.365,0.344,0.318,0.328,0.36,0.383,0.359,0.358,0.362,0.355,0.359,0.351,0.355,0.357,0.361,0.336,0.332,0.353,0.357,0.34,0.321,0.314,0.345,0.383,0.386,0.39,0.369,0.341,0.352,0.371,0.361,0.36,0.377,0.378,0.374,0.331,0.301,0.307,0.358,0.352,0.348,0.356,0.347,0.344,0.312,0.305,0.312,0.305,0.334,0.352,0.299,0.324,0.37,0.356,0.346,0.357,0.369,0.372,0.356,0.359,0.37,0.363,0.324,0.32,0.327,0.303,0.312,0.364,0.36,0.352,0.338,0.338,0.349,0.32,0.345,0.334,0.333,0.34,0.329,0.333,0.32,0.314,0.331,0.303,0.301,0.293,0.281,0.328,0.359,0.355,0.314,0.298,0.331,0.359,0.357,0.303,0.322,0.351,0.306,0.294,0.287,0.304,0.353,0.31
1079.99,0.366,0.332,0.366,0.341,0.382,0.363,0.365,0.346,0.351,0.329,0.354,0.329,0.351,0.346,0.365,0.363,0.354,0.358,0.357,0.355,0.366,0.347,0.346,0.354,0.366,0.355,0.372,0.358,0.358,0.337,0.352,0.339,0.329,0.36,0.358,0.408,0.422,0.384,0.356,0.39,0.379,0.334,0.348,0.362,0.38,0.355,0.353,0.327,0.343,0.33,0.342,0.367,0.325,0.323,0.411,0.386,0.366,0.365,0.356,0.328,0.319,0.353,0.369,0.407,0.359,0.359,0.367,0.379,0.37,0.356,0.352,0.369,0.379,0.383,0.359,0.359,0.362,0.385,0.37,0.359,0.384,0.373,0.379,0.384,0.38,0.392,0.391,0.361,0.379,0.384,0.362,0.368,0.347,0.321,0.332,0.362,0.385,0.361,0.36,0.365,0.358,0.363,0.354,0.357,0.359,0.364,0.339,0.335,0.355,0.36,0.343,0.323,0.318,0.348,0.385,0.389,0.392,0.371,0.345,0.355,0.373,0.364,0.363,0.379,0.38,0.377,0.333,0.302,0.31,0.359,0.354,0.35,0.358,0.35,0.349,0.316,0.306,0.314,0.307,0.335,0.353,0.301,0.326,0.372,0.358,0.348,0.36,0.372,0.375,0.359,0.362,0.374,0.366,0.326,0.322,0.329,0.306,0.313,0.365,0.361,0.353,0.339,0.339,0.35,0.323,0.347,0.336,0.335,0.341,0.33,0.334,0.322,0.316,0.333,0.306,0.302,0.295,0.284,0.33,0.362,0.358,0.318,0.302,0.334,0.362,0.36,0.307,0.324,0.353,0.31,0.296,0.288,0.305,0.354,0.311
1076.13,0.362,0.331,0.362,0.34,0.378,0.36,0.36,0.344,0.348,0.327,0.351,0.327,0.348,0.344,0.36,0.36,0.351,0.355,0.355,0.352,0.361,0.343,0.342,0.35,0.361,0.352,0.368,0.355,0.356,0.335,0.349,0.338,0.326,0.356,0.354,0.402,0.415,0.379,0.352,0.386,0.374,0.332,0.345,0.358,0.376,0.353,0.35,0.324,0.34,0.328,0.341,0.364,0.323,0.322,0.407,0.383,0.363,0.363,0.353,0.328,0.318,0.35,0.366,0.402,0.356,0.355,0.363,0.374,0.366,0.352,0.348,0.366,0.375,0.378,0.353,0.352,0.356,0.378,0.366,0.356,0.379,0.368,0.375,0.38,0.375,0.387,0.386,0.357,0.373,0.38,0.359,0.364,0.344,0.319,0.33,0.358,0.38,0.355,0.356,0.36,0.355,0.359,0.352,0.354,0.354,0.36,0.336,0.331,0.352,0.357,0.339,0.32,0.318,0.346,0.38,0.384,0.387,0.367,0.342,0.353,0.368,0.36,0.36,0.375,0.376,0.373,0.33,0.299,0.308,0.356,0.35,0.347,0.355,0.347,0.347,0.316,0.304,0.311,0.306,0.331,0.35,0.3,0.324,0.368,0.355,0.346,0.358,0.37,0.372,0.354,0.358,0.371,0.362,0.324,0.319,0.327,0.304,0.311,0.361,0.357,0.35,0.336,0.335,0.348,0.321,0.343,0.333,0.333,0.337,0.327,0.331,0.319,0.313,0.33,0.306,0.301,0.292,0.281,0.327,0.359,0.355,0.316,0.3,0.332,0.358,0.356,0.305,0.321,0.35,0.311,0.294,0.285,0.303,0.35,0.308
1072.27,0.355,0.329,0.356,0.336,0.372,0.355,0.355,0.34,0.343,0.322,0.346,0.322,0.343,0.34,0.355,0.355,0.345,0.35,0.351,0.346,0.354,0.338,0.336,0.345,0.354,0.346,0.362,0.35,0.35,0.331,0.343,0.333,0.321,0.351,0.346,0.394,0.407,0.372,0.346,0.38,0.368,0.326,0.339,0.353,0.371,0.348,0.344,0.32,0.335,0.323,0.336,0.359,0.319,0.317,0.4,0.377,0.357,0.357,0.348,0.325,0.313,0.344,0.362,0.395,0.351,0.349,0.355,0.368,0.36,0.346,0.342,0.36,0.368,0.371,0.347,0.344,0.348,0.371,0.359,0.35,0.371,0.362,0.369,0.374,0.368,0.38,0.379,0.35,0.366,0.374,0.354,0.358,0.338,0.315,0.324,0.351,0.373,0.349,0.349,0.354,0.349,0.353,0.346,0.349,0.348,0.354,0.33,0.326,0.346,0.351,0.334,0.314,0.314,0.341,0.373,0.377,0.379,0.361,0.336,0.348,0.361,0.354,0.354,0.369,0.37,0.368,0.324,0.294,0.304,0.35,0.344,0.341,0.35,0.34,0.343,0.313,0.3,0.306,0.303,0.326,0.345,0.298,0.32,0.363,0.349,0.341,0.353,0.366,0.365,0.348,0.352,0.366,0.356,0.32,0.314,0.323,0.301,0.308,0.355,0.352,0.345,0.331,0.329,0.344,0.316,0.337,0.327,0.328,0.332,0.322,0.326,0.315,0.308,0.325,0.304,0.297,0.287,0.277,0.321,0.353,0.351,0.311,0.295,0.327,0.352,0.35,0.302,0.316,0.345,0.31,0.29,0.281,0.299,0.346,0.303
1068.42,0.351,0.326,0.352,0.333,0.367,0.351,0.351,0.338,0.34,0.319,0.342,0.319,0.34,0.338,0.351,0.351,0.342,0.346,0.348,0.342,0.35,0.334,0.332,0.341,0.35,0.342,0.358,0.346,0.346,0.327,0.339,0.329,0.318,0.347,0.341,0.389,0.402,0.368,0.342,0.375,0.363,0.322,0.335,0.349,0.367,0.343,0.34,0.316,0.332,0.319,0.333,0.356,0.316,0.314,0.394,0.372,0.352,0.352,0.343,0.323,0.309,0.34,0.357,0.39,0.346,0.346,0.351,0.364,0.356,0.342,0.338,0.356,0.364,0.367,0.344,0.34,0.344,0.366,0.355,0.346,0.367,0.358,0.364,0.369,0.364,0.375,0.374,0.346,0.363,0.37,0.35,0.354,0.335,0.312,0.32,0.346,0.369,0.346,0.345,0.351,0.346,0.349,0.342,0.345,0.343,0.35,0.326,0.322,0.342,0.347,0.33,0.31,0.31,0.337,0.369,0.372,0.375,0.355,0.332,0.344,0.357,0.35,0.351,0.365,0.367,0.365,0.319,0.289,0.301,0.345,0.339,0.336,0.347,0.335,0.34,0.311,0.296,0.302,0.301,0.321,0.34,0.295,0.317,0.359,0.345,0.337,0.349,0.362,0.361,0.343,0.348,0.362,0.353,0.316,0.31,0.319,0.298,0.305,0.351,0.348,0.342,0.327,0.326,0.341,0.312,0.332,0.323,0.324,0.328,0.318,0.322,0.311,0.304,0.322,0.302,0.294,0.282,0.273,0.317,0.348,0.347,0.308,0.292,0.324,0.347,0.345,0.299,0.312,0.341,0.309,0.286,0.278,0.296,0.342,0.299
1064.56,0.349,0.324,0.351,0.332,0.365,0.349,0.348,0.336,0.338,0.316,0.34,0.316,0.338,0.336,0.348,0.349,0.34,0.343,0.346,0.34,0.349,0.332,0.33,0.34,0.349,0.34,0.356,0.344,0.344,0.325,0.336,0.326,0.316,0.345,0.339,0.387,0.401,0.365,0.339,0.372,0.36,0.319,0.333,0.346,0.365,0.342,0.336,0.313,0.329,0.317,0.331,0.354,0.314,0.311,0.392,0.369,0.348,0.349,0.34,0.321,0.306,0.337,0.354,0.386,0.343,0.344,0.348,0.362,0.354,0.34,0.335,0.354,0.361,0.366,0.343,0.34,0.342,0.364,0.354,0.344,0.364,0.356,0.361,0.366,0.361,0.372,0.373,0.345,0.361,0.368,0.348,0.352,0.332,0.31,0.317,0.344,0.367,0.345,0.343,0.349,0.344,0.347,0.34,0.343,0.342,0.348,0.324,0.319,0.339,0.345,0.327,0.306,0.309,0.334,0.368,0.37,0.374,0.352,0.33,0.341,0.354,0.347,0.349,0.362,0.365,0.364,0.316,0.285,0.299,0.342,0.336,0.334,0.345,0.332,0.338,0.311,0.293,0.3,0.299,0.318,0.336,0.294,0.315,0.356,0.343,0.335,0.347,0.36,0.36,0.342,0.346,0.36,0.35,0.314,0.308,0.317,0.296,0.303,0.348,0.344,0.339,0.324,0.324,0.338,0.31,0.33,0.32,0.321,0.325,0.315,0.318,0.309,0.302,0.319,0.301,0.29,0.28,0.271,0.314,0.346,0.345,0.306,0.291,0.322,0.346,0.344,0.297,0.309,0.338,0.309,0.284,0.275,0.293,0.34,0.296
1060.7,0.348,0.323,0.349,0.331,0.363,0.348,0.347,0.334,0.338,0.314,0.338,0.314,0.338,0.334,0.347,0.348,0.339,0.343,0.345,0.34,0.347,0.331,0.33,0.339,0.347,0.34,0.355,0.342,0.343,0.323,0.334,0.324,0.314,0.344,0.339,0.388,0.401,0.364,0.336,0.371,0.359,0.317,0.332,0.345,0.364,0.341,0.334,0.31,0.326,0.316,0.33,0.353,0.312,0.31,0.39,0.366,0.346,0.347,0.337,0.321,0.304,0.335,0.352,0.385,0.341,0.343,0.347,0.36,0.352,0.339,0.333,0.353,0.361,0.365,0.342,0.339,0.341,0.362,0.354,0.343,0.363,0.354,0.359,0.365,0.36,0.371,0.371,0.344,0.359,0.366,0.346,0.35,0.33,0.31,0.316,0.342,0.366,0.344,0.343,0.349,0.343,0.346,0.339,0.342,0.34,0.347,0.323,0.317,0.337,0.343,0.325,0.303,0.307,0.333,0.367,0.37,0.373,0.35,0.328,0.34,0.352,0.345,0.347,0.36,0.363,0.363,0.315,0.283,0.297,0.341,0.334,0.332,0.343,0.33,0.336,0.311,0.292,0.298,0.299,0.316,0.334,0.293,0.313,0.354,0.342,0.333,0.346,0.359,0.359,0.341,0.345,0.359,0.349,0.313,0.306,0.316,0.294,0.303,0.347,0.343,0.338,0.321,0.322,0.336,0.308,0.328,0.318,0.32,0.324,0.314,0.316,0.307,0.3,0.317,0.3,0.287,0.278,0.27,0.313,0.344,0.344,0.305,0.29,0.321,0.345,0.342,0.296,0.307,0.336,0.31,0.282,0.272,0.291,0.338,0.294
1056.84,0.346,0.322,0.348,0.331,0.36,0.346,0.345,0.332,0.336,0.312,0.336,0.312,0.336,0.332,0.345,0.346,0.337,0.343,0.345,0.34,0.346,0.331,0.329,0.338,0.346,0.34,0.353,0.341,0.342,0.322,0.333,0.323,0.313,0.342,0.338,0.389,0.4,0.363,0.334,0.368,0.356,0.315,0.33,0.344,0.362,0.339,0.331,0.308,0.323,0.315,0.329,0.351,0.311,0.309,0.388,0.364,0.344,0.344,0.335,0.322,0.303,0.332,0.349,0.383,0.339,0.341,0.345,0.357,0.35,0.336,0.331,0.352,0.36,0.362,0.341,0.338,0.34,0.36,0.352,0.343,0.361,0.351,0.357,0.363,0.359,0.369,0.37,0.343,0.358,0.364,0.345,0.348,0.328,0.308,0.314,0.341,0.365,0.343,0.342,0.347,0.343,0.344,0.338,0.341,0.339,0.345,0.322,0.316,0.335,0.342,0.323,0.301,0.305,0.332,0.365,0.368,0.372,0.347,0.326,0.338,0.35,0.342,0.345,0.358,0.361,0.362,0.314,0.282,0.296,0.339,0.332,0.331,0.34,0.327,0.334,0.312,0.29,0.296,0.299,0.314,0.332,0.292,0.312,0.352,0.341,0.331,0.345,0.358,0.358,0.34,0.344,0.358,0.348,0.312,0.305,0.314,0.294,0.302,0.345,0.341,0.337,0.319,0.319,0.335,0.306,0.325,0.315,0.318,0.322,0.312,0.315,0.307,0.299,0.315,0.3,0.286,0.276,0.269,0.312,0.343,0.344,0.304,0.289,0.32,0.343,0.341,0.295,0.304,0.335,0.312,0.28,0.271,0.29,0.336,0.292
1052.99,0.344,0.322,0.346,0.331,0.359,0.343,0.344,0.331,0.335,0.31,0.335,0.31,0.335,0.331,0.344,0.343,0.337,0.342,0.345,0.339,0.346,0.33,0.328,0.337,0.346,0.339,0.351,0.34,0.339,0.321,0.331,0.321,0.311,0.34,0.337,0.389,0.397,0.362,0.332,0.366,0.354,0.313,0.329,0.343,0.36,0.336,0.328,0.305,0.32,0.313,0.327,0.35,0.31,0.307,0.385,0.362,0.342,0.342,0.332,0.321,0.302,0.33,0.347,0.381,0.336,0.339,0.342,0.355,0.348,0.334,0.329,0.35,0.358,0.361,0.341,0.337,0.339,0.358,0.35,0.341,0.358,0.349,0.354,0.36,0.357,0.367,0.368,0.341,0.356,0.362,0.343,0.345,0.325,0.306,0.312,0.339,0.365,0.342,0.341,0.346,0.343,0.342,0.337,0.339,0.337,0.343,0.321,0.314,0.334,0.341,0.321,0.299,0.303,0.331,0.364,0.368,0.371,0.345,0.324,0.336,0.348,0.34,0.343,0.356,0.358,0.36,0.312,0.28,0.295,0.337,0.329,0.328,0.339,0.324,0.333,0.311,0.288,0.294,0.298,0.312,0.33,0.291,0.311,0.35,0.339,0.33,0.343,0.358,0.358,0.338,0.344,0.357,0.348,0.31,0.304,0.313,0.293,0.3,0.342,0.339,0.334,0.316,0.316,0.334,0.303,0.321,0.313,0.315,0.319,0.309,0.312,0.305,0.297,0.313,0.3,0.284,0.274,0.267,0.311,0.343,0.345,0.303,0.287,0.319,0.342,0.34,0.294,0.302,0.334,0.313,0.278,0.27,0.289,0.333,0.289
1049.13,0.343,0.322,0.344,0.33,0.357,0.34,0.342,0.329,0.334,0.308,0.334,0.308,0.334,0.329,0.342,0.34,0.336,0.342,0.345,0.338,0.345,0.329,0.326,0.335,0.345,0.338,0.35,0.339,0.338,0.32,0.329,0.319,0.307,0.337,0.335,0.387,0.393,0.361,0.33,0.362,0.351,0.311,0.328,0.341,0.358,0.333,0.324,0.302,0.317,0.31,0.325,0.347,0.307,0.304,0.38,0.358,0.338,0.339,0.328,0.319,0.301,0.329,0.345,0.376,0.331,0.337,0.34,0.352,0.347,0.332,0.327,0.349,0.357,0.361,0.34,0.337,0.338,0.355,0.348,0.34,0.354,0.346,0.35,0.356,0.354,0.363,0.366,0.339,0.354,0.36,0.341,0.342,0.323,0.305,0.311,0.335,0.364,0.341,0.34,0.345,0.342,0.34,0.335,0.338,0.335,0.341,0.32,0.313,0.332,0.34,0.319,0.297,0.302,0.33,0.362,0.368,0.37,0.343,0.323,0.334,0.345,0.338,0.342,0.354,0.356,0.358,0.31,0.278,0.294,0.335,0.326,0.326,0.337,0.322,0.331,0.311,0.286,0.29,0.296,0.31,0.327,0.29,0.309,0.347,0.338,0.329,0.342,0.357,0.359,0.337,0.344,0.358,0.348,0.309,0.303,0.311,0.291,0.299,0.339,0.336,0.331,0.313,0.313,0.331,0.301,0.318,0.31,0.312,0.315,0.305,0.308,0.302,0.295,0.311,0.299,0.282,0.272,0.266,0.311,0.343,0.345,0.302,0.287,0.319,0.342,0.34,0.293,0.301,0.332,0.313,0.276,0.268,0.287,0.329,0.286
1045.27,0.341,0.322,0.342,0.329,0.354,0.338,0.34,0.326,0.334,0.306,0.332,0.306,0.334,0.326,0.34,0.338,0.336,0.341,0.345,0.337,0.343,0.328,0.325,0.334,0.343,0.337,0.347,0.337,0.337,0.319,0.327,0.316,0.304,0.333,0.332,0.383,0.389,0.358,0.327,0.359,0.348,0.309,0.326,0.339,0.356,0.33,0.32,0.297,0.314,0.308,0.323,0.344,0.305,0.302,0.376,0.353,0.334,0.334,0.323,0.315,0.299,0.326,0.342,0.371,0.327,0.336,0.338,0.35,0.345,0.33,0.325,0.348,0.357,0.36,0.34,0.337,0.337,0.354,0.347,0.339,0.35,0.342,0.346,0.352,0.352,0.36,0.364,0.337,0.353,0.359,0.338,0.34,0.321,0.303,0.31,0.332,0.362,0.34,0.339,0.344,0.342,0.338,0.334,0.336,0.333,0.339,0.318,0.311,0.33,0.339,0.317,0.294,0.302,0.33,0.361,0.368,0.369,0.34,0.321,0.333,0.343,0.336,0.34,0.353,0.353,0.355,0.307,0.275,0.292,0.332,0.323,0.323,0.336,0.319,0.329,0.31,0.283,0.286,0.294,0.307,0.324,0.288,0.307,0.344,0.336,0.327,0.342,0.357,0.359,0.337,0.345,0.357,0.347,0.308,0.301,0.308,0.289,0.297,0.335,0.332,0.328,0.308,0.309,0.328,0.298,0.316,0.306,0.31,0.311,0.301,0.303,0.299,0.292,0.308,0.298,0.281,0.27,0.264,0.31,0.343,0.346,0.301,0.286,0.319,0.342,0.34,0.292,0.299,0.33,0.313,0.273,0.264,0.284,0.324,0.282
1041.42,0.34,0.322,0.341,0.329,0.352,0.335,0.337,0.323,0.332,0.303,0.331,0.303,0.332,0.323,0.337,0.335,0.335,0.341,0.344,0.336,0.34,0.328,0.322,0.331,0.34,0.336,0.345,0.335,0.335,0.318,0.325,0.313,0.3,0.328,0.328,0.378,0.384,0.354,0.324,0.355,0.344,0.306,0.324,0.337,0.353,0.326,0.315,0.291,0.31,0.306,0.321,0.34,0.301,0.3,0.371,0.349,0.329,0.33,0.317,0.312,0.297,0.324,0.34,0.365,0.322,0.335,0.335,0.347,0.345,0.329,0.322,0.347,0.356,0.358,0.34,0.336,0.337,0.353,0.346,0.338,0.347,0.339,0.342,0.348,0.349,0.357,0.361,0.336,0.351,0.357,0.336,0.338,0.318,0.301,0.309,0.328,0.359,0.338,0.339,0.343,0.341,0.336,0.333,0.334,0.331,0.337,0.316,0.308,0.328,0.336,0.314,0.292,0.301,0.329,0.359,0.365,0.368,0.338,0.319,0.331,0.34,0.334,0.339,0.35,0.351,0.352,0.303,0.271,0.29,0.328,0.319,0.32,0.333,0.316,0.326,0.308,0.28,0.281,0.29,0.303,0.319,0.285,0.304,0.34,0.333,0.325,0.34,0.356,0.359,0.336,0.344,0.356,0.345,0.307,0.299,0.305,0.287,0.293,0.331,0.327,0.323,0.302,0.304,0.324,0.295,0.314,0.303,0.305,0.308,0.296,0.297,0.294,0.287,0.305,0.296,0.279,0.268,0.263,0.309,0.342,0.345,0.301,0.285,0.318,0.342,0.339,0.29,0.296,0.327,0.312,0.269,0.261,0.279,0.319,0.278
1037.56,0.339,0.321,0.34,0.328,0.35,0.333,0.335,0.32,0.33,0.301,0.33,0.301,0.33,0.32,0.335,0.333,0.334,0.341,0.345,0.335,0.339,0.327,0.321,0.329,0.339,0.335,0.342,0.332,0.333,0.317,0.324,0.309,0.295,0.324,0.324,0.374,0.379,0.351,0.321,0.352,0.341,0.304,0.322,0.335,0.35,0.322,0.309,0.286,0.307,0.304,0.32,0.336,0.297,0.297,0.367,0.345,0.325,0.326,0.313,0.31,0.296,0.322,0.337,0.361,0.317,0.335,0.334,0.346,0.344,0.328,0.321,0.348,0.355,0.358,0.341,0.337,0.337,0.352,0.346,0.337,0.344,0.337,0.338,0.345,0.347,0.355,0.358,0.335,0.35,0.356,0.334,0.337,0.316,0.301,0.308,0.325,0.357,0.338,0.338,0.342,0.341,0.335,0.331,0.332,0.329,0.335,0.313,0.306,0.325,0.334,0.312,0.289,0.298,0.328,0.357,0.364,0.366,0.336,0.317,0.33,0.338,0.333,0.338,0.348,0.349,0.349,0.3,0.268,0.288,0.324,0.315,0.317,0.332,0.314,0.323,0.307,0.276,0.276,0.287,0.299,0.315,0.282,0.301,0.336,0.331,0.323,0.339,0.356,0.359,0.335,0.344,0.355,0.344,0.306,0.296,0.302,0.285,0.29,0.327,0.324,0.319,0.297,0.3,0.321,0.292,0.312,0.3,0.301,0.305,0.29,0.292,0.29,0.283,0.301,0.294,0.278,0.265,0.261,0.307,0.341,0.345,0.301,0.285,0.317,0.342,0.338,0.29,0.294,0.325,0.311,0.266,0.258,0.275,0.314,0.274
1033.7,0.336,0.32,0.34,0.328,0.347,0.329,0.332,0.317,0.327,0.298,0.327,0.298,0.327,0.317,0.332,0.329,0.333,0.34,0.345,0.333,0.336,0.325,0.318,0.326,0.336,0.333,0.338,0.33,0.332,0.315,0.321,0.305,0.291,0.32,0.32,0.368,0.372,0.346,0.317,0.347,0.337,0.301,0.32,0.331,0.346,0.317,0.304,0.28,0.302,0.302,0.318,0.333,0.293,0.294,0.361,0.34,0.321,0.322,0.308,0.307,0.294,0.319,0.334,0.356,0.313,0.334,0.332,0.344,0.342,0.327,0.32,0.347,0.353,0.357,0.34,0.335,0.335,0.349,0.344,0.336,0.341,0.334,0.334,0.341,0.345,0.353,0.355,0.332,0.348,0.354,0.332,0.335,0.314,0.3,0.306,0.321,0.354,0.335,0.336,0.34,0.339,0.333,0.329,0.33,0.327,0.332,0.31,0.303,0.321,0.331,0.31,0.286,0.297,0.326,0.353,0.361,0.363,0.333,0.315,0.327,0.335,0.33,0.335,0.345,0.346,0.345,0.297,0.266,0.284,0.321,0.31,0.313,0.331,0.311,0.321,0.306,0.273,0.271,0.283,0.295,0.31,0.28,0.298,0.332,0.327,0.32,0.336,0.354,0.358,0.332,0.343,0.354,0.341,0.304,0.293,0.298,0.283,0.287,0.322,0.32,0.314,0.291,0.295,0.317,0.288,0.309,0.296,0.298,0.301,0.285,0.286,0.285,0.279,0.297,0.292,0.276,0.261,0.258,0.304,0.339,0.344,0.299,0.285,0.316,0.34,0.336,0.288,0.291,0.322,0.31,0.263,0.254,0.271,0.309,0.271
1029.85,0.329,0.317,0.334,0.326,0.34,0.323,0.325,0.311,0.321,0.292,0.321,0.292,0.321,0.311,0.325,0.323,0.328,0.335,0.341,0.327,0.33,0.319,0.312,0.32,0.33,0.327,0.33,0.324,0.326,0.31,0.316,0.299,0.285,0.313,0.313,0.361,0.363,0.339,0.309,0.339,0.329,0.295,0.315,0.324,0.338,0.31,0.295,0.272,0.295,0.298,0.313,0.327,0.286,0.289,0.351,0.332,0.313,0.315,0.3,0.302,0.29,0.312,0.327,0.348,0.305,0.327,0.325,0.337,0.335,0.321,0.313,0.341,0.346,0.35,0.333,0.327,0.327,0.339,0.338,0.331,0.334,0.327,0.327,0.333,0.337,0.345,0.347,0.325,0.34,0.347,0.327,0.328,0.309,0.295,0.301,0.315,0.345,0.328,0.329,0.333,0.334,0.328,0.324,0.324,0.321,0.326,0.304,0.297,0.314,0.325,0.303,0.28,0.293,0.32,0.345,0.352,0.355,0.325,0.309,0.321,0.327,0.323,0.329,0.338,0.339,0.338,0.291,0.26,0.279,0.315,0.303,0.307,0.326,0.307,0.315,0.302,0.268,0.265,0.278,0.29,0.303,0.275,0.292,0.325,0.321,0.314,0.331,0.347,0.351,0.326,0.337,0.349,0.335,0.299,0.287,0.292,0.279,0.282,0.315,0.313,0.308,0.284,0.289,0.311,0.283,0.303,0.29,0.292,0.294,0.278,0.279,0.278,0.273,0.291,0.287,0.271,0.256,0.254,0.297,0.332,0.34,0.294,0.28,0.312,0.334,0.33,0.284,0.286,0.317,0.308,0.258,0.248,0.265,0.303,0.265
1025.99,0.318,0.309,0.324,0.318,0.327,0.313,0.314,0.301,0.311,0.283,0.31,0.283,0.311,0.301,0.314,0.313,0.318,0.325,0.332,0.316,0.319,0.309,0.302,0.31,0.319,0.316,0.318,0.315,0.316,0.301,0.307,0.29,0.275,0.302,0.303,0.35,0.35,0.329,0.298,0.326,0.317,0.286,0.305,0.312,0.325,0.299,0.285,0.261,0.285,0.288,0.303,0.316,0.276,0.28,0.338,0.32,0.301,0.303,0.289,0.292,0.28,0.301,0.316,0.335,0.295,0.316,0.313,0.325,0.323,0.31,0.302,0.329,0.334,0.338,0.32,0.313,0.312,0.323,0.325,0.32,0.321,0.316,0.316,0.321,0.325,0.331,0.333,0.313,0.327,0.335,0.316,0.317,0.298,0.286,0.291,0.304,0.332,0.316,0.318,0.321,0.325,0.318,0.314,0.315,0.311,0.315,0.294,0.288,0.304,0.315,0.293,0.27,0.284,0.309,0.331,0.338,0.342,0.313,0.297,0.31,0.314,0.311,0.317,0.325,0.326,0.327,0.282,0.252,0.27,0.306,0.293,0.297,0.316,0.297,0.304,0.294,0.259,0.256,0.27,0.281,0.294,0.268,0.285,0.315,0.311,0.305,0.322,0.337,0.339,0.315,0.326,0.338,0.325,0.291,0.278,0.283,0.272,0.275,0.305,0.303,0.299,0.274,0.28,0.302,0.274,0.292,0.281,0.283,0.285,0.268,0.269,0.27,0.264,0.282,0.28,0.264,0.248,0.246,0.288,0.321,0.33,0.286,0.272,0.303,0.323,0.32,0.276,0.277,0.308,0.302,0.249,0.241,0.256,0.293,0.256
1022.13,0.306,0.299,0.312,0.309,0.314,0.302,0.303,0.291,0.3,0.272,0.299,0.272,0.3,0.291,0.303,0.302,0.308,0.314,0.322,0.305,0.308,0.298,0.291,0.299,0.308,0.305,0.306,0.304,0.305,0.29,0.296,0.279,0.264,0.292,0.292,0.336,0.337,0.317,0.288,0.313,0.304,0.275,0.294,0.3,0.312,0.288,0.274,0.251,0.274,0.277,0.292,0.305,0.266,0.269,0.324,0.308,0.289,0.29,0.278,0.282,0.27,0.289,0.304,0.321,0.284,0.304,0.301,0.312,0.31,0.298,0.289,0.315,0.321,0.324,0.307,0.299,0.297,0.307,0.311,0.308,0.309,0.303,0.304,0.308,0.313,0.318,0.32,0.301,0.313,0.322,0.305,0.305,0.287,0.275,0.28,0.292,0.317,0.303,0.306,0.309,0.314,0.308,0.303,0.305,0.3,0.303,0.283,0.277,0.292,0.303,0.283,0.259,0.274,0.298,0.318,0.323,0.327,0.3,0.284,0.298,0.301,0.298,0.304,0.312,0.313,0.315,0.272,0.242,0.261,0.295,0.281,0.287,0.306,0.286,0.291,0.285,0.251,0.247,0.261,0.272,0.284,0.259,0.277,0.304,0.3,0.295,0.311,0.325,0.326,0.303,0.313,0.326,0.313,0.28,0.267,0.273,0.265,0.266,0.295,0.293,0.29,0.264,0.271,0.292,0.264,0.281,0.271,0.273,0.274,0.258,0.258,0.26,0.255,0.272,0.271,0.256,0.239,0.236,0.277,0.309,0.319,0.276,0.263,0.293,0.312,0.307,0.266,0.268,0.298,0.295,0.241,0.234,0.247,0.282,0.246
1018.27,0.296,0.29,0.302,0.301,0.302,0.291,0.292,0.281,0.29,0.262,0.289,0.262,0.29,0.281,0.292,0.291,0.298,0.304,0.312,0.294,0.297,0.289,0.282,0.289,0.297,0.294,0.295,0.294,0.294,0.281,0.286,0.269,0.253,0.282,0.28,0.323,0.324,0.305,0.277,0.303,0.292,0.265,0.283,0.288,0.301,0.278,0.264,0.241,0.264,0.267,0.281,0.294,0.256,0.26,0.311,0.297,0.279,0.279,0.267,0.273,0.26,0.279,0.293,0.31,0.274,0.295,0.291,0.3,0.299,0.287,0.278,0.304,0.31,0.313,0.296,0.288,0.285,0.293,0.3,0.297,0.298,0.293,0.293,0.297,0.301,0.306,0.309,0.291,0.302,0.311,0.296,0.294,0.276,0.265,0.27,0.281,0.305,0.293,0.296,0.298,0.303,0.297,0.292,0.295,0.29,0.293,0.273,0.267,0.281,0.292,0.273,0.249,0.264,0.287,0.306,0.311,0.315,0.288,0.273,0.287,0.291,0.287,0.294,0.3,0.302,0.304,0.263,0.232,0.252,0.286,0.271,0.277,0.296,0.276,0.28,0.277,0.242,0.239,0.253,0.263,0.275,0.251,0.268,0.294,0.29,0.286,0.301,0.315,0.315,0.292,0.302,0.314,0.303,0.271,0.258,0.263,0.259,0.258,0.285,0.284,0.281,0.255,0.262,0.283,0.254,0.271,0.261,0.264,0.266,0.249,0.249,0.251,0.247,0.263,0.263,0.248,0.231,0.228,0.268,0.298,0.309,0.267,0.254,0.282,0.301,0.296,0.257,0.259,0.29,0.289,0.233,0.226,0.239,0.273,0.237
1014.42,0.287,0.283,0.293,0.293,0.293,0.282,0.283,0.272,0.281,0.254,0.281,0.254,0.281,0.272,0.283,0.282,0.29,0.295,0.304,0.285,0.288,0.28,0.274,0.281,0.288,0.285,0.287,0.284,0.285,0.272,0.277,0.26,0.245,0.274,0.27,0.31,0.312,0.295,0.267,0.293,0.283,0.257,0.274,0.279,0.291,0.27,0.254,0.232,0.255,0.258,0.271,0.285,0.247,0.251,0.301,0.288,0.27,0.27,0.258,0.265,0.252,0.27,0.284,0.301,0.265,0.287,0.282,0.291,0.29,0.279,0.269,0.295,0.3,0.304,0.288,0.279,0.276,0.284,0.29,0.287,0.289,0.284,0.284,0.288,0.292,0.297,0.3,0.283,0.294,0.302,0.288,0.286,0.268,0.257,0.262,0.272,0.295,0.284,0.287,0.289,0.294,0.289,0.283,0.287,0.28,0.283,0.263,0.259,0.272,0.283,0.264,0.24,0.255,0.279,0.297,0.301,0.305,0.279,0.264,0.278,0.282,0.277,0.285,0.291,0.293,0.295,0.255,0.224,0.244,0.278,0.262,0.268,0.289,0.268,0.271,0.27,0.235,0.231,0.246,0.256,0.267,0.244,0.261,0.285,0.282,0.278,0.292,0.306,0.306,0.283,0.292,0.304,0.294,0.262,0.25,0.255,0.252,0.251,0.277,0.277,0.274,0.248,0.254,0.275,0.246,0.263,0.253,0.256,0.258,0.242,0.241,0.243,0.239,0.255,0.256,0.241,0.224,0.22,0.259,0.289,0.301,0.259,0.247,0.273,0.292,0.287,0.249,0.251,0.283,0.282,0.226,0.22,0.232,0.265,0.23
1010.56,0.279,0.275,0.285,0.286,0.283,0.273,0.275,0.264,0.272,0.247,0.273,0.247,0.272,0.264,0.275,0.273,0.282,0.286,0.296,0.277,0.281,0.273,0.267,0.273,0.281,0.277,0.277,0.275,0.276,0.264,0.269,0.252,0.237,0.266,0.26,0.298,0.301,0.285,0.259,0.285,0.274,0.248,0.265,0.27,0.282,0.261,0.246,0.224,0.248,0.25,0.262,0.276,0.239,0.242,0.292,0.28,0.261,0.261,0.249,0.257,0.244,0.261,0.276,0.292,0.257,0.28,0.273,0.283,0.282,0.27,0.261,0.286,0.291,0.295,0.279,0.27,0.267,0.274,0.281,0.277,0.28,0.276,0.276,0.28,0.284,0.288,0.291,0.276,0.285,0.294,0.279,0.277,0.259,0.249,0.255,0.263,0.286,0.276,0.279,0.28,0.286,0.28,0.274,0.279,0.271,0.274,0.255,0.251,0.263,0.274,0.256,0.232,0.246,0.27,0.289,0.291,0.295,0.27,0.255,0.269,0.274,0.269,0.277,0.282,0.285,0.286,0.247,0.216,0.236,0.27,0.254,0.26,0.281,0.26,0.261,0.263,0.228,0.224,0.24,0.249,0.259,0.237,0.254,0.278,0.274,0.269,0.283,0.296,0.297,0.274,0.284,0.295,0.286,0.255,0.243,0.247,0.246,0.244,0.27,0.27,0.267,0.24,0.248,0.268,0.237,0.256,0.246,0.248,0.251,0.234,0.232,0.236,0.232,0.247,0.248,0.235,0.216,0.213,0.252,0.28,0.292,0.251,0.24,0.264,0.284,0.278,0.242,0.244,0.276,0.275,0.219,0.214,0.225,0.258,0.222
1006.7,0.272,0.268,0.278,0.279,0.274,0.264,0.267,0.257,0.264,0.239,0.266,0.239,0.264,0.257,0.267,0.264,0.275,0.278,0.287,0.268,0.273,0.266,0.26,0.265,0.273,0.268,0.269,0.267,0.267,0.255,0.261,0.244,0.229,0.259,0.251,0.288,0.291,0.276,0.251,0.276,0.266,0.239,0.257,0.261,0.274,0.254,0.239,0.216,0.24,0.241,0.254,0.268,0.231,0.234,0.282,0.272,0.253,0.253,0.241,0.249,0.237,0.253,0.268,0.283,0.249,0.272,0.265,0.274,0.274,0.262,0.252,0.277,0.283,0.286,0.271,0.262,0.258,0.263,0.271,0.268,0.272,0.268,0.269,0.271,0.275,0.278,0.282,0.268,0.276,0.285,0.271,0.268,0.251,0.241,0.247,0.255,0.278,0.268,0.271,0.271,0.277,0.27,0.265,0.27,0.264,0.265,0.247,0.244,0.255,0.266,0.248,0.224,0.238,0.262,0.281,0.283,0.287,0.263,0.246,0.26,0.265,0.261,0.269,0.274,0.276,0.278,0.24,0.208,0.228,0.262,0.245,0.252,0.273,0.252,0.251,0.256,0.222,0.216,0.233,0.243,0.251,0.231,0.248,0.27,0.267,0.262,0.274,0.288,0.288,0.266,0.276,0.286,0.278,0.247,0.235,0.239,0.239,0.237,0.262,0.262,0.26,0.233,0.241,0.261,0.23,0.248,0.238,0.24,0.243,0.228,0.224,0.228,0.225,0.24,0.241,0.229,0.208,0.206,0.244,0.272,0.284,0.244,0.233,0.256,0.275,0.269,0.234,0.237,0.268,0.269,0.212,0.208,0.219,0.25,0.216
1002.85,0.265,0.26,0.27,0.272,0.266,0.256,0.26,0.25,0.257,0.232,0.259,0.232,0.257,0.25,0.26,0.256,0.268,0.27,0.278,0.261,0.266,0.259,0.254,0.258,0.266,0.261,0.261,0.259,0.259,0.248,0.254,0.237,0.221,0.251,0.243,0.28,0.284,0.269,0.244,0.269,0.259,0.232,0.249,0.253,0.267,0.247,0.232,0.21,0.233,0.233,0.246,0.26,0.224,0.226,0.274,0.264,0.245,0.244,0.233,0.241,0.229,0.246,0.26,0.275,0.241,0.265,0.259,0.266,0.266,0.255,0.244,0.269,0.276,0.278,0.264,0.254,0.25,0.254,0.262,0.26,0.264,0.261,0.261,0.263,0.268,0.27,0.275,0.262,0.269,0.277,0.264,0.261,0.243,0.234,0.239,0.247,0.27,0.261,0.265,0.263,0.269,0.262,0.257,0.263,0.257,0.258,0.24,0.237,0.248,0.258,0.241,0.217,0.229,0.255,0.274,0.276,0.279,0.256,0.238,0.253,0.258,0.254,0.261,0.267,0.268,0.271,0.232,0.201,0.22,0.255,0.238,0.245,0.266,0.244,0.243,0.249,0.216,0.21,0.227,0.237,0.245,0.224,0.242,0.263,0.26,0.256,0.267,0.28,0.28,0.259,0.268,0.278,0.271,0.24,0.229,0.232,0.233,0.231,0.256,0.256,0.253,0.226,0.235,0.254,0.224,0.242,0.231,0.233,0.236,0.221,0.217,0.222,0.218,0.233,0.234,0.223,0.202,0.2,0.237,0.264,0.277,0.237,0.226,0.248,0.268,0.261,0.227,0.23,0.261,0.264,0.206,0.203,0.213,0.243,0.21
