Wavenumber,Aspirin_FTIR
400.0,1.2541998088403122e-10
401.0006253908693,1.5521636920930303e-10
402.0012507817386,1.9200871879856436e-10
403.00187617260787,2.3740715160007727e-10
404.00250156347715,2.933827078621625e-10
405.00312695434644,3.6234571550692506e-10
406.0037523452158,4.4724056023559304e-10
407.0043777360851,5.516601466549754e-10
408.00500312695436,6.799839695664672e-10
409.00562851782365,8.37544457007344e-10
410.00625390869294,1.0308271218649118e-09
411.00687929956223,1.2677110890619822e-09
412.0075046904315,1.5577577759998404e-09
413.0081300813008,1.9125569245607552e-09
414.0087554721701,2.3461408473134483e-09
415.0093808630394,2.8754796973753265e-09
416.01000625390867,3.521072844998607e-09
417.01063164477796,4.307654094980673e-09
418.0112570356473,5.265031565136934e-09
419.0118824265166,6.429086632902587e-09
420.0125078173859,7.84296051907496e-09
421.01313320825517,9.558461899028695e-09
422.01375859912446,1.1637734507625842e-08
423.01438398999375,1.415523014179531e-08
424.01500938086303,1.720003988502305e-08
425.0156347717323,2.087864491614348e-08
426.0162601626016,2.5318158072336153e-08
427.0168855534709,3.067013858223903e-08
428.0175109443402,3.711507525790714e-08
429.01813633520953,4.486764814312916e-08
430.0187617260788,5.418289539202771e-08
431.0193871169481,6.536343125177953e-08
432.0200125078174,7.876788272851618e-08
433.0206378986867,9.48207371354083e-08
434.021263289556,1.1402382059535964e-07
435.02188868042526,1.3696965906711902e-07
436.02251407129455,1.6435700898490966e-07
437.02313946216384,1.9700888458317974e-07
438.02376485303313,2.3589345388993128e-07
439.0243902439024,2.8214822571949556e-07
440.02501563477176,3.3710800631986124e-07
441.025641025641,4.02337167207266e-07
442.02626641651034,4.796668357637742e-07
443.0268918073796,5.712376980272635e-07
444.0275171982489,6.795491894457096e-07
445.0281425891182,8.07515944904611e-07
446.0287679799875,9.585324848004124e-07
447.0293933708568,1.1365472300755264e-06
448.03001876172607,1.34614706671831e-06
449.03064415259536,1.5926538200377232e-06
450.03126954346465,1.8822341518171283e-06
451.03189493433393,2.2220245599936864e-06
452.0325203252032,2.620273341529988e-06
453.03314571607257,3.0865015753356587e-06
454.03377110694186,3.631685394094341e-06
455.03439649781114,4.2684620422152176e-06
456.03502188868043,5.011362462321956e-06
457.0356472795497,5.877073415059576e-06
458.036272670419,6.884732416739107e-06
459.0368980612883,8.056259076472502e-06
460.0375234521576,9.416726728797683e-06
461.0381488430269,1.0994778588929184e-05
462.03877423389616,1.282309300500355e-05
463.03939962476545,1.4938902744007406e-05
464.0400250156348,1.7384573624118476e-05
465.040650406504,2.0208248194203207e-05
466.0412757973734,2.3464560559000796e-05
467.04190118824266,2.7215428853401578e-05
468.04252657911195,3.1530932278013677e-05
469.04315196998124,3.649028001710242e-05
470.0437773608505,4.218287976462154e-05
471.0444027517198,4.870951397937989e-05
472.0450281425891,5.6183632370655285e-05
473.0456535334584,6.473276947433552e-05
474.0462789243277,7.450009650968251e-05
475.046904315197,8.564611700008894e-05
476.04752970606626,9.835051588891562e-05
477.0481550969356,0.00011281417207404855
478.0487804878049,0.0001292613444117434
479.0494058786742,0.00014794204129052422
480.05003126954347,0.00016913458383724698
481.05065666041276,0.00019314837267740172
482.05128205128204,0.00022032686791686285
483.05190744215133,0.0002510507916287159
484.0525328330206,0.00028574156160210965
485.0531582238899,0.00032486496442550995
486.05378361475925,0.0003689350751193268
487.0544090056285,0.00041851842948753315
488.05503439649783,0.00047423845410990835
489.0556597873671,0.0005367801574308652
490.0562851782364,0.0006068950837043918
491.0569105691057,0.0006854065296131084
492.057535959975,0.0007732150211820543
493.0581613508443,0.0008713040461431033
494.05878674171356,0.0009807460341655465
495.05941213258285,0.001102708574345577
496.06003752345214,0.0012384608560378873
497.0606629143214,0.0013893803155151346
498.0612883051907,0.0015569594670573673
499.06191369606006,0.0017428128929092143
500.0625390869293,0.0019486843621069983
501.06316447779864,0.0021764540434854253
502.0637898686679,0.002428145773240879
503.0644152595372,0.0027059343322825245
504.0650406504065,0.0030121526832677732
505.0656660412758,0.003349299111734287
506.0662914321451,0.0037200442101435415
507.06691682301437,0.004127237637989121
508.06754221388366,0.004573914585448197
509.06816760475294,0.005063301862425462
510.0687929956223,0.0055988235293197705
511.0694183864915,0.0061841059805047335
512.0700437773609,0.00682298238643308
513.0706691682301,0.007519496395526993
514.0712945590994,0.008277904992698254
515.0719199499688,0.009102680407528369
516.072545340838,0.009998510961940257
517.0731707317073,0.010970300744690022
518.0737961225766,0.012023167998306668
519.0744215134459,0.013162442103305154
520.0750469043152,0.014393659044690098
521.0756722951845,0.01572255524704924
522.0762976860537,0.017155059666997298
523.0769230769231,0.01869728403547082
524.0775484677923,0.020355511147446808
525.0781738586617,0.022136181103173592
526.0787992495309,0.024045875412978243
527.0794246404002,0.02609129888724947
528.0800500312696,0.028279259244278234
529.0806754221388,0.03061664438133904
530.081300813008,0.033110397268679655
531.0819262038774,0.03576748844196913
532.0825515947467,0.038594886086194935
533.083176985616,0.041599523722946646
534.0838023764853,0.04478826553340182
535.0844277673546,0.04816786937104048
536.0850531582239,0.051744947541064366
537.0856785490932,0.05552592544748521
538.0863039399625,0.059516998233786166
539.0869293308317,0.06372408556868638
540.087554721701,0.06815278475468829
541.0881801125704,0.07280832236351167
542.0888055034396,0.0776955046289624
543.089430894309,0.08281866685397304
544.0900562851782,0.08818162211419925
545.0906816760476,0.09378760956538722
546.0913070669168,0.09963924268535253
547.0919324577861,0.10573845780362773
548.0925578486554,0.112086463292176
549.0931832395247,0.1186836898088626
550.093808630394,0.12552974200113792
551.0944340212633,0.1326233520904664
552.0950594121325,0.13996233576798972
553.0956848030019,0.14754355083854395
554.0963101938712,0.15536285905317818
555.0969355847404,0.1634150915694875
556.0975609756098,0.1716940184741838
557.098186366479,0.18019232279320563
558.0988117573484,0.18890157940122965
559.0994371482176,0.1978122392244716
560.1000625390869,0.20691361910830836
561.1006879299562,0.21619389769428468
562.1013133208255,0.22564011761979602
563.1019387116949,0.23523819431801024
564.1025641025641,0.24497293165582684
565.1031894934333,0.25482804460387276
566.1038148843027,0.2647861890851045
567.104440275172,0.27482899909781544
568.1050656660412,0.2849371311551062
569.1056910569106,0.2950903160265828
570.1063164477798,0.3052674177096876
571.1069418386492,0.3154464994982112
572.1075672295185,0.3256048969545662
573.1081926203877,0.33571929753115065
574.108818011257,0.3457658265249593
575.1094434021263,0.35572013898930205
576.1100687929957,0.36555751716764534
577.1106941838649,0.37525297295783994
578.1113195747342,0.3847813548609789
579.1119449656035,0.39411745881846877
580.1125703564728,0.40323614229426763
581.113195747342,0.41211244091705207
582.1138211382114,0.42072168696011725
583.1144465290806,0.429039628905308
584.11507191995,0.4370425513119516
585.1156973108193,0.44470739419273664
586.1163227016885,0.4520118710863377
587.1169480925578,0.4589345850113625
588.1175734834271,0.4654551414882303
589.1181988742965,0.4715542578249205
590.1188242651657,0.4772138678791941
591.119449656035,0.4824172215338329
592.1200750469043,0.48714897815252645
593.1207004377736,0.4913952933220788
594.1213258286429,0.4951438982312155
595.1219512195122,0.498384171087205
596.1225766103814,0.5011072000281729
597.1232020012508,0.5033058370509961
598.1238273921201,0.5049747425413206
599.1244527829894,0.506110420063008
600.1250781738586,0.5067112411384203
601.1257035647279,0.5067774598277224
602.1263289555973,0.5063112169940301
603.1269543464665,0.5053165342209834
604.1275797373359,0.5037992974293798
605.1282051282051,0.5017672303190721
606.1288305190744,0.4992298578406005
607.1294559099438,0.49619845997724654
608.130081300813,0.49268601619157315
609.1307066916822,0.48870714096036744
610.1313320825516,0.4842780108875388
611.1319574734209,0.4794162839453117
612.1325828642902,0.47414101144944004
613.1332082551595,0.4684725434236504
614.1338336460287,0.4624324280516669
615.1344590368981,0.45604330595158954
616.1350844277673,0.44932880003689923
617.1357098186367,0.44231340175061434
618.1363352095059,0.43502235447417176
619.1369606003752,0.4274815349202367
620.1375859912446,0.4197173333191019
621.1382113821138,0.4117565332015446
622.138836772983,0.40362619156734997
623.1394621638524,0.39535352020834574
624.1400875547217,0.386965768928102
625.140712945591,0.37849011136784466
626.1413383364603,0.3699535341100778
627.1419637273295,0.36138272968841195
628.1425891181989,0.3528039940846551
629.1432145090681,0.34424312924307543
630.1438398999375,0.3357253510772756
631.1444652908067,0.3272752033882191
632.145090681676,0.31891647805299433
633.1457160725454,0.310672141783796
634.1463414634146,0.3025642696957297
635.1469668542838,0.29461398586124793
636.1475922451532,0.2868414109687564
637.1482176360225,0.2792656171438205
638.1488430268918,0.2719045899340005
639.1494684177611,0.26477519740314326
640.1500938086303,0.2578931662284219
641.1507191994997,0.2512730646439244
642.151344590369,0.24492829202860444
643.1519699812383,0.23887107489409481
644.1525953721075,0.23311246898964805
645.1532207629768,0.22766236720740765
646.1538461538462,0.2225295129415205
647.1544715447154,0.2177215185293695
648.1550969355848,0.2132448883824669
649.155722326454,0.20910504639830851
650.1563477173233,0.2053063672326463
651.1569731081926,0.20185221100417305
652.1575984990619,0.19874496100027553
653.1582238899312,0.1959860639532245
654.1588492808005,0.19357607246062153
655.1594746716698,0.1915146891319527
656.1601000625391,0.1898008120543543
657.1607254534083,0.18843258118496092
658.1613508442776,0.18740742529411697
659.161976235147,0.18672210910299786
660.1626016260162,0.1863727802804767
661.1632270168855,0.18635501598705817
662.1638524077548,0.1866638686780498
663.1644777986241,0.18729391090354228
664.1651031894935,0.18823927886890107
665.1657285803627,0.18949371454603617
666.166353971232,0.19105060615242847
667.1669793621013,0.19290302684147537
668.1676047529706,0.1950437714739312
669.1682301438399,0.19746539136582386
670.1688555347091,0.20016022693302327
671.1694809255785,0.20312043817643005
672.1701063164478,0.20633803297438943
673.170731707317,0.20980489317027246
674.1713570981864,0.21351279846309112
675.1719824890556,0.21745344812742184
676.172607879925,0.22161848060577918
677.1732332707943,0.22599949103177783
678.1738586616635,0.230588046756023
679.1744840525328,0.23537570095857244
680.1751094434021,0.2403540044420955
681.1757348342715,0.24551451570850943
682.1763602251407,0.2508488094289575
683.1769856160099,0.2563484834225418
684.1776110068793,0.26200516426332304
685.1782363977486,0.26781051163781644
686.178861788618,0.27375622157663476
687.1794871794872,0.27983402868412155
688.1801125703564,0.2860357074889238
689.1807379612258,0.2923530730365117
690.1813633520951,0.2987779808418196
691.1819887429643,0.30530232631651594
692.1826141338336,0.31191804378102567
693.1832395247029,0.31861710516642394
694.1838649155723,0.3253915185058
695.1844903064415,0.3322333263087304
696.1851156973107,0.33913460390618955
697.1857410881801,0.3460874578466603
698.1863664790494,0.35308402441746184
699.1869918699188,0.3601164683584549
700.187617260788,0.36717698182836617
701.1882426516572,0.374257783677107
702.1888680425266,0.3813511190706248
703.1894934333959,0.38844925950815185
704.1901188242651,0.3955445032651842
705.1907442151344,0.40262917628919337
706.1913696060037,0.40969563356898286
707.1919949968731,0.416736260992782
708.1926203877423,0.42374347770462256
709.1932457786116,0.430709738963299
710.1938711694809,0.4376275395032734
711.1944965603502,0.4444894173923135
712.1951219512196,0.45128795837633123
713.1957473420888,0.4580158006979851
714.196372732958,0.4646656403719719
715.1969981238274,0.47123023689664933
716.1976235146967,0.47770241937867286
717.198248905566,0.48407509304468493
718.1988742964352,0.49034124611174235
719.1994996873045,0.49649395698612714
720.2001250781739,0.502526401758432
721.2007504690432,0.5084318619613271
722.2013758599124,0.5142037325551855
723.2020012507817,0.5198355301057836
724.202626641651,0.5253209011175475
725.2032520325204,0.5306536304853099
726.2038774233896,0.535827650027251
727.2045028142588,0.5408370470615811
728.2051282051282,0.5456760729896152
729.2057535959975,0.5503391518481532
730.2063789868668,0.554820888794504
731.207004377736,0.5591160784880588
732.2076297686053,0.5632197133330389
733.2082551594747,0.5671269915478961
734.208880550344,0.5708333250278061
735.2095059412133,0.5743343469677732
736.2101313320825,0.5776259192150531
737.2107567229518,0.5807041393208702
738.2113821138212,0.5835653472627695
739.2120075046904,0.5862061318103889
740.2126328955596,0.5886233365089361
741.213258286429,0.5908140652562351
742.2138836772983,0.5927756874508393
743.2145090681676,0.5945058426903768
744.2151344590369,0.5960024450010282
745.2157598499061,0.597263686580783
746.2163852407755,0.5982880410409217
747.2170106316448,0.5990742661319755
748.2176360225141,0.599621405942254
749.2182614133833,0.5999287925588714
750.2188868042526,0.5999960471830605
751.219512195122,0.5998230806934117
752.2201375859912,0.5994100936525302
753.2207629768604,0.5987575757544412
754.2213883677298,0.5978663047119035
755.2220137585991,0.596737344584596
756.2226391494685,0.5953720435509249
757.2232645403377,0.5937720311279486
758.2238899312069,0.5919392148456399
759.2245153220763,0.5898757763833739
760.2251407129456,0.5875841671781702
761.2257661038149,0.5850671035157935
762.2263914946841,0.5823275611173544
763.2270168855534,0.5793687692355165
764.2276422764228,0.5761942042758308
765.228267667292,0.5728075829600603
766.2288930581612,0.5692128550496327
767.2295184490306,0.5654141956485627
768.2301438398999,0.5614159971063093
769.2307692307693,0.5572228605420844
770.2313946216385,0.5528395870130881
771.2320200125077,0.5482711683500374
772.2326454033771,0.5435227776841468
773.2332707942464,0.5385997596904282
774.2338961851157,0.5335076205727963
775.2345215759849,0.5282520178169996
776.2351469668542,0.5228387497378386
777.2357723577236,0.5172737448474741
778.2363977485928,0.5115630510718903
779.2370231394622,0.50571282484274
780.2376485303314,0.4997293200918926
781.2382739212007,0.49361887717595265
782.2388993120701,0.48738791175796964
783.2395247029393,0.48104290367331787
784.2401500938086,0.4745903858064853
785.2407754846779,0.46803693300514954
786.2414008755472,0.4613891510574713
787.2420262664165,0.45465366575802785
788.2426516572857,0.4478371120872235
789.243277048155,0.4409461235283539
790.2439024390244,0.43398732154576825
791.2445278298937,0.4269673052467796
792.245153220763,0.41989264124913117
793.2457786116322,0.4127698537749062
794.2464040025015,0.4056054149908139
795.2470293933709,0.3984057356137747
796.2476547842401,0.39117715579966417
797.2482801751094,0.3839259363319977
798.2489055659787,0.37665825012620513
799.249530956848,0.3693801740639869
800.2501563477173,0.36209768117105806
801.2507817385865,0.3548166331503917
802.2514071294559,0.34754277328185706
803.2520325203252,0.3402817196979116
804.2526579111945,0.333038959043768
805.2532833020638,0.32581984052923724
806.253908692933,0.3186295703781914
807.2545340838024,0.3114732066803838
808.2551594746717,0.3043556546491327
809.2557848655409,0.29728166228717445
810.2564102564102,0.2902558164618149
811.2570356472795,0.28328253938935405
812.2576610381489,0.2763660855276102
813.2582864290181,0.2695105388742768
814.2589118198874,0.2627198106677759
815.2595372107567,0.25599763748624516
816.260162601626,0.24934757973927574
817.2607879924954,0.24277302054610614
818.2614133833646,0.23627716499302598
819.2620387742338,0.2298630397619117
820.2626641651032,0.22353349312098972
821.2632895559725,0.21729119526816001
822.2639149468417,0.21113863901649077
823.264540337711,0.20507814081084585
824.2651657285803,0.19911184206399446
825.2657911194497,0.19324171079999117
826.266416510319,0.18746954359211554
827.2670419011882,0.1817969677822242
828.2676672920575,0.17622544396796
829.2682926829268,0.17075626874394306
830.2689180737962,0.16539057768277227
831.2695434646654,0.16012934854143585
832.2701688555346,0.15497340467856094
833.270794246404,0.14992341866779796
834.2714196372733,0.14497991609256436
835.2720450281425,0.14014327950733585
836.2726704190118,0.13541375255070545
837.2732958098811,0.13079144419549316
838.2739212007505,0.1262763331212959
839.2745465916198,0.12186827219502026
840.275171982489,0.1175669930451418
841.2757973733583,0.11337211071565469
842.2764227642276,0.10928312838595435
843.277048155097,0.10529944214318969
844.2776735459662,0.10142034579395487
845.2782989368354,0.09764503570255789
846.2789243277048,0.09397261564349299
847.2795497185741,0.09040210165615394
848.2801751094433,0.08693242689026323
849.2808005003127,0.08356244643095227
850.2814258911819,0.08029094209290422
851.2820512820513,0.07711662717344785
852.2826766729206,0.07403815115501472
853.2833020637898,0.0710541043478634
854.2839274546591,0.06816302246451254
855.2845528455284,0.06536339111784732
856.2851782363978,0.06265365023539474
857.285803627267,0.06003219838279908
858.2864290181362,0.057497396990065466
859.2870544090056,0.0550475744746721
860.2876797998749,0.052681030256180504
861.2883051907443,0.05039603865749681
862.2889305816135,0.04819085268845852
863.2895559724827,0.04606370770792679
864.2901813633521,0.044012824961067946
865.2908067542214,0.04203641498899292
866.2914321450907,0.040132680908401296
867.2920575359599,0.03829982155933987
868.2926829268292,0.036536034519635836
869.2933083176986,0.03483951898499534
870.2939337085678,0.03320847851417533
871.294559099437,0.03164112363904003
872.2951844903064,0.03013567433969507
873.2958098811757,0.028690362385256508
874.2964352720451,0.027303433541158606
875.2970606629143,0.025973149644235798
876.2976860537835,0.024697790547119236
877.2983114446529,0.023475655933783108
878.2989368355222,0.022305067008344722
879.2995622263915,0.021184368059474608
880.3001876172607,0.020111927903009304
881.30081300813,0.01908614120557299
882.3014383989994,0.018105429692210562
883.3020637898687,0.01716824324121363
884.302689180738,0.016273060869483415
885.3033145716072,0.01541839161191589
886.3039399624765,0.014602775298424448
887.3045653533459,0.013824783232324143
888.3051907442151,0.013083018773897045
889.3058161350843,0.012376117833040271
890.3064415259537,0.011702749274963132
891.307066916823,0.011061615242952235
892.3076923076923,0.010451451402263279
893.3083176985615,0.009871027109225602
894.3089430894308,0.009319145509662306
895.3095684803002,0.008794643570732993
896.3101938711695,0.008296392050302026
897.3108192620388,0.00782329540792246
898.311444652908,0.007374291661502968
899.3120700437773,0.006948352193696399
900.3126954346467,0.006544481512012335
901.3133208255159,0.006161716966613463
902.3139462163851,0.005799128429709023
903.3145716072545,0.005455817940406709
904.3151969981238,0.005130919318828557
905.3158223889931,0.00482359775323748
906.3164477798623,0.004533049363861092
907.3170731707316,0.004258500747035913
908.317698561601,0.003999208503231312
909.3183239524703,0.003754458752448057
910.3189493433396,0.003523566640422111
911.3195747342088,0.003305875838999885
912.3202001250781,0.003100758043988608
913.3208255159475,0.0029076124737234203
914.3214509068167,0.002725865371532828
915.3220762976861,0.0025549695152266923
916.3227016885553,0.0023944037366753854
917.3233270794246,0.0022436724544952625
918.3239524702939,0.00210230522280663
919.3245778611632,0.0019698562989819432
920.3252032520325,0.0018459042332588684
921.3258286429018,0.0017300514830506022
922.326454033771,0.001621924054748376
923.3270794246404,0.001521171175774636
924.3277048155097,0.0014274649996133492
925.328330206379,0.0013405003465124879
926.3289555972483,0.0012599944825258187
927.3295809881175,0.0011856869395341367
928.3302063789869,0.0011173393788602084
929.3308317698561,0.001054735501067327
930.3314571607254,0.0009976810045060664
931.3320825515947,0.0009460035951489967
932.332707942464,0.0008995530502261986
933.3333333333333,0.0008582013381461321
934.3339587242026,0.0008218427971545459
935.3345841150718,0.0007903943751490805
936.3352095059412,0.0007637959330266367
937.3358348968105,0.0007420106138946787
938.3364602876798,0.0007250252804242389
939.3370856785491,0.0007128510225610508
940.3377110694183,0.0007055237377402706
941.3383364602877,0.0007031047856685445
942.3389618511569,0.0007056817196434322
943.3395872420263,0.0007133690962728845
944.3402126328955,0.0007263093653353602
945.3408380237648,0.0007446738413826768
946.3414634146341,0.000768663758531411
947.3420888055034,0.0007985114097132721
948.3427141963728,0.0008344813714585487
949.343339587242,0.0008768718150685358
950.3439649781113,0.0009260159047908651
951.3445903689806,0.0009822832833447468
952.3452157598499,0.0010460816448501348
953.3458411507191,0.001117858394893747
954.3464665415885,0.0011981023971157402
955.3470919324577,0.0012873458053209086
956.3477173233271,0.0013861659797084985
957.3483427141963,0.0014951874853720436
958.3489681050656,0.0016150841707467814
959.349593495935,0.0017465813231738938
960.3502188868042,0.0018904578982105696
961.3508442776736,0.002047548818739932
962.3514696685428,0.002218747339326832
963.3520950594121,0.002405007470624866
964.3527204502814,0.0026073464579651575
965.3533458411507,0.002826847307553015
966.35397123202,0.003064661352960938
967.3545966228893,0.003322010853842424
968.3552220137585,0.003600191617996538
969.3558474046279,0.003900575637096868
970.3564727954971,0.0042246137255557425
971.3570981863664,0.004573838151135874
972.3577235772358,0.004949865245042373
973.358348968105,0.005354397978339767
974.3589743589744,0.005789228490638855
975.3595997498436,0.006256240556094626
976.3602251407129,0.00675741197085603
977.3608505315822,0.007294816845209153
978.3614759224515,0.00787062778277374
979.3621013133207,0.008487117928243094
980.3627267041901,0.009146662864318488
981.3633520950593,0.0098517423376746
982.3639774859287,0.01060494179302408
983.364602876798,0.011408953693619174
984.3652282676672,0.012266578605860081
985.3658536585366,0.0131807260250679
986.3664790494058,0.0141544149189402
987.3671044402752,0.01519077396475126
988.3677298311444,0.016293041455981545
989.3683552220137,0.017464564853792632
990.368980612883,0.018708799958586944
991.3696060037523,0.020029309676845037
992.3702313946216,0.021429762358492397
993.3708567854909,0.022913929680257017
994.3714821763602,0.024485684050809423
995.3721075672295,0.026148995513973244
996.3727329580988,0.02790792812693322
997.373358348968,0.029766635791172245
998.3739837398374,0.0317293575148528
999.3746091307066,0.03380041208649696
1000.375234521576,0.03598419214116439
1001.3758599124452,0.038285157601829004
1002.3764853033146,0.04070782848037547
1003.3771106941838,0.04325677702451582
1004.3777360850531,0.045936619199030256
1005.3783614759224,0.048752005491999865
1006.3789868667917,0.051707611039188334
1007.379612257661,0.05480812506237181
1008.3802376485303,0.058058239620280706
1009.3808630393996,0.0614626376738337
1010.3814884302689,0.0650259804705438
1011.3821138211382,0.06875289425635969
1012.3827392120074,0.07264795632670544
1013.3833646028768,0.07671568043217941
1014.383989993746,0.0809605015581473
1015.3846153846154,0.08538676010141293
1016.3852407754846,0.08999868547114592
1017.3858661663539,0.09480037914538263
1018.3864915572233,0.09979579721856029
1019.3871169480925,0.10498873247979294
1020.3877423389619,0.11038279606582357
1021.3883677298311,0.11598139873682754
1022.3889931207004,0.12178773182748617
1023.3896185115697,0.1278047479298824
1024.3902439024391,0.13403514136890693
1025.3908692933082,0.1404813285348039
1026.3914946841776,0.14714542814140827
1027.392120075047,0.15402924148223776
1028.392745465916,0.16113423276020214
1029.3933708567856,0.1684615095699193
1030.3939962476547,0.17601180361465912
1031.394621638524,0.18378545174278602
1032.3952470293934,0.19178237739088108
1033.3958724202625,0.20000207252299002
1034.396497811132,0.20844358015711018
1035.3971232020012,0.21710547757140805
1036.3977485928704,0.22598586028366474
1037.39837398374,0.23508232689791747
1038.398999374609,0.2443919649123076
1039.3996247654784,0.2539113375818452
1040.4002501563477,0.26363647192870077
1041.4008755472169,0.2735628479914038
1042.4015009380864,0.283685389402267
1043.4021263289555,0.2939984553798795
1044.402751719825,0.3044958342206235
1045.4033771106942,0.3151707383694123
1046.4040025015634,0.3260158011459602
1047.4046278924327,0.3370230751981352
1048.405253283302,0.34818403274880305
1049.4058786741712,0.35948956769695567
1050.4065040650407,0.3709299996276691
1051.4071294559099,0.3824950797787493
1052.4077548467792,0.394173999004926
1053.4083802376485,0.40595539777266
1054.4090056285177,0.41782737821087135
1055.4096310193872,0.4297775182344003
1056.4102564102564,0.4417928877483072
1057.4108818011257,0.4538600669322699
1058.411507191995,0.46596516659482723
1059.4121325828642,0.4780938505779953
1060.4127579737335,0.4902313601829867
1061.4133833646029,0.502362540578033
1062.414008755472,0.5144718691395683
1063.4146341463415,0.5265434856681294
1064.4152595372107,0.5385612244105367
1065.41588492808,0.5505086478103969
1066.4165103189493,0.5623690818992129
1067.4171357098185,0.5741256532313403
1068.417761100688,0.585761327256874
1069.4183864915572,0.5972589480178624
1070.4190118824265,0.6086012790451213
1071.4196372732958,0.6197710453248325
1072.420262664165,0.6307509761970248
1073.4208880550343,0.6415238490410965
1074.4215134459037,0.6520725335973916
1075.422138836773,0.6623800367683679
1076.4227642276423,0.6724295477379797
1077.4233896185115,0.6822044832438336
1078.4240150093808,0.69168853283334
1079.4246404002502,0.7008657039324873
1080.4252657911193,0.7097203665542318
1081.4258911819888,0.7182372974725582
1082.426516572858,0.7264017236882505
1083.4271419637273,0.734199365013387
1084.4277673545967,0.7416164756031515
1085.4283927454658,0.7486398842663585
1086.4290181363351,0.7552570333894946
1087.4296435272045,0.7614560163134757
1088.4302689180738,0.7672256130076
1089.4308943089432,0.7725553238911793
1090.4315196998123,0.7774354016602387
1091.4321450906816,0.7818568809843057
1092.432770481551,0.7858116059466735
1093.43339587242,0.7892922551106223
1094.4340212632897,0.7922923641037729
1095.4346466541588,0.7948063456230644
1096.4352720450281,0.796829506773729
1097.4358974358975,0.7983580636669263
1098.4365228267666,0.7993891532125067
1099.4371482176361,0.7999208420554516
1100.4377736085053,0.799952132616953
1101.4383989993746,0.7994829662137192
1102.439024390244,0.7985142232418548
1103.439649781113,0.7970477204245129
1104.4402751719824,0.7950862051353674
1105.4409005628518,0.7926333468227429
1106.4415259537209,0.7896937255718671
1107.4421513445905,0.7862728178551568
1108.4427767354596,0.7823769795326111
1109.443402126329,0.7780134261761472
1110.4440275171983,0.7731902108031764
1111.4446529080674,0.7679161991155679
1112.445278298937,0.7622010423505695
1113.445903689806,0.7560551478600649
1114.4465290806754,0.7494896475436269
1115.4471544715448,0.7425163642694074
1116.4477798624139,0.7351477764245262
1117.4484052532832,0.7273969807436534
1118.4490306441526,0.7192776535706523
1119.4496560350217,0.7108040107134311
1120.4502814258913,0.7019907660566931
1121.4509068167604,0.6928530891009036
1122.4515322076297,0.6834065615984402
1123.452157598499,0.6736671334599186
1124.4527829893682,0.6636510781044941
1125.4534083802378,0.6533749474281468
1126.4540337711069,0.6428555265632009
1127.4546591619762,0.6321097886005915
1128.4552845528456,0.621154849444157
1129.4559099437147,0.6100079229627823
1130.456535334584,0.5986862766023396
1131.4571607254534,0.5872071876146041
1132.4577861163225,0.5755879000548111
1133.458411507192,0.5638455826934864
1134.4590368980612,0.5519972879814954
1135.4596622889305,0.5400599121998396
1136.4602876797999,0.528050156918194
1137.460913070669,0.5159844918777053
1138.4615384615386,0.5038791194050912
1139.4621638524077,0.49174994045610826
1140.462789243277,0.479612522377047
1141.4634146341464,0.4674820684636773
1142.4640400250155,0.4553733893871598
1143.4646654158848,0.44330087654683603
1144.4652908067542,0.4312784773999582
1145.4659161976235,0.41931967280853394
1146.4665415884929,0.4074374564337841
1147.467166979362,0.39564431619901014
1148.4677923702313,0.3839522178321651
1149.4684177611007,0.37237259049019317
1150.4690431519698,0.36091631445807476
1151.4696685428394,0.3495937109068485
1152.4702939337085,0.33841453368650043
1153.4709193245778,0.32738796312143553
1154.4715447154472,0.31652260176885266
1155.4721701063163,0.30582647209292824
1156.4727954971856,0.2953070160011275
1157.473420888055,0.28497109618269767
1158.4740462789243,0.2748249991835889
1159.4746716697937,0.26487444014691214
1160.4752970606628,0.25512456914329446
1161.4759224515321,0.24557997901133755
1162.4765478424015,0.23624471462480945
1163.4771732332706,0.22712228350004818
1164.4777986241402,0.2182156676545746
1165.4784240150093,0.2095273366259218
1166.4790494058786,0.20105926155808618
1167.479674796748,0.19281293026222088
1168.480300187617,0.18478936315753128
1169.4809255784867,0.17698912999845015
1170.4815509693558,0.16941236729462977
1171.4821763602251,0.16205879633109557
1172.4828017510945,0.15492774169738713
1173.4834271419636,0.1480181502360653
1174.484052532833,0.14132861032314242
1175.4846779237023,0.1348573713953906
1176.4853033145714,0.12860236364217026
1177.485928705441,0.12256121778247227
1178.48655409631,0.11673128485113375
1179.4871794871794,0.11110965592159538
1180.4878048780488,0.10569318169636925
1181.488430268918,0.10047849190010423
1182.4890556597875,0.09546201441418849
1183.4896810506566,0.09063999409590931
1184.490306441526,0.08600851122928925
1185.4909318323953,0.0815634995590404
1186.4915572232644,0.0773007638632167
1187.4921826141338,0.07321599702445707
1188.492808005003,0.06930479656392334
1189.4934333958722,0.06556268060619636
1190.4940587867418,0.061985103247536755
1191.494684177611,0.05856746930395796
1192.4953095684803,0.0553051484194468
1193.4959349593496,0.05219348851856071
1194.4965603502187,0.04922782859124275
1195.4971857410883,0.046403510801285214
1196.4978111319574,0.04371589191325476
1197.4984365228268,0.04116035403587912
1198.499061913696,0.038732314683002436
1199.4996873045652,0.03642723615602535
1200.5003126954346,0.034240634254465364
1201.500938086304,0.03216808632375817
1202.501563477173,0.03020523865170907
1203.5021888680426,0.02834781322712585
1204.5028142589117,0.026591613876081527
1205.503439649781,0.02493253179295519
1206.5040650406504,0.023366550484972364
1207.5046904315195,0.021889750150276242
1208.505315822389,0.020498311510752053
1209.5059412132582,0.019188519121814178
1210.5065666041276,0.017956764182167982
1211.507191994997,0.016799546867242228
1212.507817385866,0.015713478210457012
1213.5084427767354,0.01469528155685834
1214.5090681676047,0.01374179361385274
1215.509693558474,0.012849965123841775
1216.5103189493434,0.012016861183512195
1217.5109443402125,0.011239661234363752
1218.5115697310819,0.010515658748780446
1219.5121951219512,0.009842260635579483
1220.5128205128203,0.00921698638850069
1221.51344590369,0.008637467000557833
1222.514071294559,0.008101443666554
1223.5146966854284,0.007606766295373086
1224.5153220762977,0.0071513918529306445
1225.5159474671668,0.006733382555868831
1226.5165728580362,0.006350903935258597
1227.5171982489055,0.006002222788709118
1228.5178236397749,0.005685705038394424
1229.5184490306442,0.005399813511602674
1230.5190744215133,0.005143105659490568
1231.5196998123827,0.004914231228797042
1232.520325203252,0.004711929900340445
1233.5209505941211,0.004535028907193306
1234.5215759849907,0.004382440644509607
1235.5222013758598,0.0042531602820700815
1236.5228267667292,0.004146263389715078
1237.5234521575985,0.004060903584962446
1238.5240775484676,0.003996310211251043
1239.5247029393372,0.003951786054423288
1240.5253283302063,0.003926705104256719
1241.5259537210757,0.003920510367079797
1242.526579111945,0.003932711734764072
1243.5272045028141,0.003962883914670822
1244.5278298936835,0.004010664424450686
1245.5284552845528,0.00407575165494657
1246.529080675422,0.0041579030038365805
1247.5297060662915,0.004256933082073057
1248.5303314571606,0.004372711994626764
1249.53095684803,0.004505163696533015
1250.5315822388993,0.004654264424754453
1251.5322076297684,0.0048200412059293965
1252.532833020638,0.005002570439657373
1253.5334584115071,0.00520197655658825
1254.5340838023765,0.005418430750228647
1255.5347091932458,0.005652149781049683
1256.535334584115,0.005903394851186082
1257.5359599749843,0.006172470547743284
1258.5365853658536,0.006459723852483692
1259.5372107567227,0.00676554321544392
1260.5378361475923,0.0070903576898354555
1261.5384615384614,0.00743463612540472
1262.5390869293308,0.007798886417276867
1263.5397123202001,0.008183654807165775
1264.5403377110692,0.008589525233721567
1265.5409631019388,0.009017118728682235
1266.541588492808,0.00946709285541119
1267.5422138836773,0.009940141186337709
1268.5428392745466,0.010436992815752362
1269.5434646654157,0.010958411904374691
1270.544090056285,0.011505197252073388
1271.5447154471544,0.012078181895097915
1272.5453408380235,0.012678232724173092
1273.5459662288931,0.013306250119802568
1274.5465916197622,0.013963167601131936
1275.5472170106316,0.014649951484744067
1276.547842401501,0.01536760054976717
1277.54846779237,0.016117145705716242
1278.5490931832396,0.01689964965951379
1279.5497185741087,0.017716206578173833
1280.550343964978,0.01856794174368635
1281.5509693558474,0.019456011196671653
1282.5515947467165,0.02038160136544295
1283.552220137586,0.021345928677162382
1284.5528455284552,0.022350239147836674
1285.5534709193246,0.023395807947969336
1286.554096310194,0.024483938940746842
1287.554721701063,0.025615964189710985
1288.5553470919324,0.026793243432945982
1289.5559724828017,0.02801716352088005
1290.5565978736709,0.029289137814892754
1291.5572232645404,0.030610605543995726
1292.5578486554095,0.031983031116941174
1293.558474046279,0.03340790338721894
1294.5590994371482,0.03488673486847198
1295.5597248280174,0.03642106089798547
1296.5603502188867,0.03801243874598951
1297.560975609756,0.039662446668623334
1298.5616010006254,0.04137268290252775
1299.5622263914947,0.043144764599134904
1300.5628517823639,0.04498032669684711
1301.5634771732332,0.04688102072942107
1302.5641025641025,0.04884851356898875
1303.5647279549717,0.05088448610229209
1304.5653533458412,0.05299063183883069
1305.5659787367103,0.055168655449757624
1306.5666041275797,0.05742027123652613
1307.567229518449,0.05974720152839662
1308.5678549093182,0.06215117500810817
1309.5684803001877,0.06463392496514869
1310.5691056910568,0.06719718747621829
1311.5697310819262,0.06984269951267667
1312.5703564727955,0.07257219697488412
1313.5709818636647,0.075387412653572
1314.571607254534,0.07829007411852491
1315.5722326454033,0.08128190153504265
1316.5728580362725,0.08436460540885347
1317.573483427142,0.08753988426032464
1318.5741088180112,0.09080942222900225
1319.5747342088805,0.09417488660974982
1320.5753595997498,0.09763792532189126
1321.575984990619,0.1012001643130312
1322.5766103814885,0.10486320489939072
1323.5772357723577,0.10862862104470297
1324.577861163227,0.11249795657996874
1325.5784865540963,0.11647272236650522
1326.5791119449655,0.1205543934050108
1327.5797373358348,0.12474440589353475
1328.5803627267042,0.12904415423745452
1329.5809881175733,0.1334549880148051
1330.5816135084428,0.13797820890048929
1331.582238899312,0.1426150675530984
1332.5828642901813,0.14736676046834038
1333.5834896810507,0.1522344268031839
1334.5841150719198,0.15721914517512361
1335.5847404627893,0.1623219304411159
1336.5853658536585,0.16754373046092358
1337.5859912445278,0.17288542284986655
1338.5866166353971,0.17834781172605482
1339.5872420262663,0.18393162445746372
1340.5878674171356,0.1896375084143201
1341.588492808005,0.19546602773244284
1342.589118198874,0.20141766009336956
1343.5897435897436,0.20749279352722108
1344.5903689806128,0.21369172324438374
1345.590994371482,0.22001464850229482
1346.5916197623515,0.22646166951361624
1347.5922451532206,0.23303278440231556
1348.5928705440901,0.2397278862141942
1349.5934959349593,0.2465467599884889
1350.5941213258286,0.2534890798973294
1351.594746716698,0.2605544064597588
1352.595372107567,0.2677421838372073
1353.5959974984364,0.27505173721726184
1354.5966228893058,0.2824822702925951
1355.597248280175,0.2900328628419756
1356.5978736710445,0.2977024684202039
1357.5984990619136,0.3054899121638307
1358.599124452783,0.3133938887194659
1359.5997498436523,0.3214129603013944
1360.6003752345214,0.32954555488519366
1361.601000625391,0.33778996454390986
1362.60162601626,0.3461443439332179
1363.6022514071294,0.3546067089319692
1364.6028767979988,0.3631749354442125
1365.6035021888679,0.371846758368781
1366.6041275797375,0.3806197707422533
1367.6047529706066,0.38949142306088935
1368.605378361476,0.3984590227870422
1369.6060037523453,0.407519734045128
1370.6066291432144,0.41667057751216463
1371.6072545340837,0.4259084305075114
1372.607879924953,0.4352300272861706
1373.6085053158222,0.44463195953976176
1374.6091307066918,0.45411067710891256
1375.6097560975609,0.4636624889104567
1376.6103814884302,0.4732835640826004
1377.6110068792996,0.48296993335066435
1378.6116322701687,0.49271749061582526
1379.6122576610383,0.5025219947687746
1380.6128830519074,0.512379071729804
1381.6135084427767,0.5222842167165413
1382.614133833646,0.5322327967399337
1383.6147592245152,0.5422200533288373
1384.6153846153845,0.5522411054830103
1385.6160100062539,0.5622909528538678
1386.616635397123,0.5723644791519558
1387.6172607879926,0.5824564557795802
1388.6178861788617,0.5925615456865363
1389.618511569731,0.602674307446537
1390.6191369606004,0.6127891995512573
1391.6197623514695,0.6229005849186343
1392.620387742339,0.6330027356114646
1393.6210131332082,0.6430898377618504
1394.6216385240775,0.6531559966967074
1395.6222639149469,0.6631952422588551
1396.622889305816,0.6732015343179542
1397.6235146966853,0.6831687684649614
1398.6241400875547,0.6930907818833322
1399.6247654784238,0.7029613593898086
1400.6253908692934,0.7127742396371415
1401.6260162601625,0.7225231214706322
1402.6266416510318,0.7322016704301048
1403.6272670419012,0.7418035253883
1404.6278924327703,0.7513223053165011
1405.6285178236399,0.7607516161677012
1406.629143214509,0.7700850578672666
1407.6297686053783,0.7793162314008264
1408.6303939962477,0.7884387459886074
1409.6310193871168,0.7974462263353203
1410.6316447779861,0.8063323199443058
1411.6322701688555,0.8150907044844089
1412.6328955597246,0.8237150951978636
1413.6335209505942,0.8321992523372059
1414.6341463414633,0.8405369886190349
1415.6347717323326,0.8487221766823776
1416.635397123202,0.8567487565391125
1417.636022514071,0.8646107430039657
1418.6366479049407,0.8723022330913991
1419.6372732958098,0.879817413366667
1420.6378986866791,0.8871505672383786
1421.6385240775485,0.8942960821797475
1422.6391494684176,0.9012484568658986
1423.639774859287,0.9080023082145579
1424.6404002501563,0.9145523783175551
1425.6410256410256,0.9208935412507289
1426.641651031895,0.9270208097499075
1427.642276422764,0.9329293417408498
1428.6429018136334,0.9386144467112267
1429.6435272045028,0.9440715919129239
1430.6441525953721,0.9492964083832548
1431.6447779862413,0.9542846967739071
1432.6454033771106,0.9590324329767879
1433.64602876798,0.9635357735362463
1434.6466541588493,0.9677910608375463
1435.6472795497184,0.9717948280618137
1436.6479049405878,0.9755438038981216
1437.648530331457,0.9790349170037848
1438.6491557223264,0.9822653002044229
1439.6497811131958,0.9852322944257965
1440.650406504065,0.987933452349935
1441.6510318949342,0.9903665417885916
1442.6516572858036,0.9925295487675744
1443.652282676673,0.9944206803160811
1444.652908067542,0.9960383669557029
1445.6535334584114,0.9973812648843515
1446.6541588492807,0.9984482578509526
1447.65478424015,0.9992384587173475
1448.6554096310194,0.9997512107044553
1449.6560350218886,0.999986088320361
1450.656660412758,0.9999428979686247
1451.6572858036272,0.9996216782357302
1452.6579111944966,0.999022699857222
1453.6585365853657,0.9981464653627168
1454.659161976235,0.9969937084006013
1455.6597873671044,0.995565392743868
1456.6604127579737,0.993862710979159
1457.6610381488429,0.9918870828817162
1458.6616635397122,0.9896401534795534
1459.6622889305816,0.9871237908107751
1460.662914321451,0.9843400833785615
1461.6635397123202,0.9812913373089358
1462.6641651031894,0.9779800732170021
1463.6647904940587,0.9744090227879049
1464.665415884928,0.9705811250793205
1465.6660412757974,0.966499522552802
1466.6666666666665,0.9621675568418383
1467.6672920575359,0.9575887642649611
1468.6679174484052,0.9527668710927407
1469.6685428392746,0.9477057885779245
1470.6691682301437,0.9424096077584485
1471.669793621013,0.9368825940434271
1472.6704190118824,0.931129181592653
1473.6710444027517,0.9251539675004498
1474.671669793621,0.918961705795104
1475.6722951844902,0.9125573012653894
1476.6729205753595,0.9059458031259757
1477.6735459662289,0.8991323985338043
1478.6741713570982,0.8921224059676837
1479.6747967479673,0.884921268483621
1480.6754221388367,0.8775345468585254
1481.676047529706,0.8699679126351139
1482.6766729205754,0.8622271410809039
1483.6772983114447,0.8543181040743174
1484.6779237023138,0.8462467629309495
1485.6785490931832,0.8380191611830771
1486.6791744840525,0.8296414173255202
1487.6797998749219,0.821119717540875
1488.680425265791,0.8124603084171443
1489.6810506566603,0.803669489670656
1490.6816760475297,0.7947536068870963
1491.682301438399,0.7857190442932778
1492.6829268292681,0.7765722175721639
1493.6835522201375,0.7673195667334234
1494.6841776110068,0.757967549051628
1495.6848030018762,0.7485226320838912
1496.6854283927455,0.738991286778549
1497.6860537836146,0.7293799806861561
1498.686679174484,0.7196951712837604
1499.6873045653533,0.7099432994231274
1500.6879299562227,0.7001307829131587
1501.6885553470918,0.6902640102464604
1502.6891807379611,0.6803493344795576
1503.6898061288305,0.6703930672759172
1504.6904315196998,0.6604014731204314
1505.691056910569,0.6503807637136593
1506.6916823014383,0.6403370925536108
1507.6923076923076,0.6302765497124571
1508.692933083177,0.6202051568149892
1509.6935584740463,0.6101288622252512
1510.6941838649154,0.6000535364472183
1511.6948092557848,0.5899849677449001
1512.6954346466541,0.5799288579867768
1513.6960600375235,0.569890818718883
1514.6966854283926,0.5598763674704081
1515.697310819262,0.5498909242951068
1516.6979362101313,0.539939808551332
1517.6985616010006,0.5300282359229048
1518.69918699187,0.5201613156825776
1519.699812382739,0.5103440481992776
1520.7004377736084,0.500581322689785
1521.7010631644778,0.4908779152150216
1522.7016885553471,0.48123848692052995
1523.7023139462162,0.4716675825202753
1524.7029393370856,0.46216962902234165
1525.703564727955,0.45274893469463895
1526.7041901188243,0.4434096882681644
1527.7048155096934,0.4341559583749512
1528.7054409005627,0.4249916932172912
1529.706066291432,0.4159207204644066
1530.7066916823014,0.4069467473722082
1531.7073170731708,0.3980733611213998
1532.70794246404,0.3893040293687046
1533.7085678549092,0.3806421010055648
1534.7091932457786,0.37209080711828807
1535.709818636648,0.3636532621431485
1536.710444027517,0.35533246520962475
1537.7110694183864,0.34713130166454154
1538.7116948092557,0.33905254476956775
1539.712320200125,0.3310988575641177
1540.7129455909942,0.32327279488544497
1541.7135709818635,0.31557680553735434
1542.7141963727329,0.3080132345987157
1543.7148217636022,0.3005843258626256
1544.7154471544716,0.2932922243968662
1545.7160725453407,0.2861389792160346
1546.71669793621,0.27912654605549897
1547.7173233270794,0.2722567902371654
1548.7179487179487,0.26553148961679995
1549.7185741088178,0.2589523376025469
1550.7191994996872,0.2525209462340953
1551.7198248905565,0.24623884931186527
1552.7204502814259,0.240107505565427
1553.7210756722952,0.23412830185034075
1554.7217010631643,0.22830255636250954
1555.7223264540337,0.22263152185910023
1556.722951844903,0.2171163888750983
1557.7235772357724,0.21175828892451684
1558.7242026266415,0.20655829767535522
1559.7248280175108,0.20151743808741535
1560.7254534083802,0.19663668350218888
1561.7260787992495,0.1919169606740788
1562.7267041901187,0.1873591527323803
1563.727329580988,0.18296410206355404
1564.7279549718573,0.1787326131035154
1565.7285803627267,0.1746654550298205
1566.729205753596,0.17076336434387046
1567.7298311444652,0.16702704733347296
1568.7304565353345,0.1634571824063626
1569.7310819262038,0.16005442228557767
1570.7317073170732,0.15681939605787162
1571.7323327079423,0.1537527110667002
1572.7329580988117,0.15085495464165424
1573.733583489681,0.14812669565661415
1574.7342088805503,0.1455684859092751
1575.7348342714195,0.14318086131514762
1576.7354596622888,0.14096434290956794
1577.7360850531581,0.13891943765174505
1578.7367104440275,0.1370466390253453
1579.7373358348968,0.13534642743065609
1580.737961225766,0.13381927036389718
1581.7385866166353,0.13246562237981296
1582.7392120075046,0.1312859248342678
1583.739837398374,0.13028060540415803
1584.740462789243,0.12945007738258463
1585.7410881801125,0.12879473874786593
1586.7417135709818,0.12831497100563058
1587.7423389618511,0.12801113780389733
1588.7429643527205,0.1278835833217422
1589.7435897435896,0.12793263043285377
1590.744215134459,0.12815857864598984
1591.7448405253283,0.12856170182507382
1592.7454659161976,0.1291422456924066
1593.7460913070668,0.12990042511920558
1594.746716697936,0.130836421208438
1595.7473420888055,0.1319503781756583
1596.7479674796748,0.13324240003432403
1597.748592870544,0.1347125470928085
1598.7492182614133,0.13636083227109044
1599.7498436522826,0.1381872172458375
1600.750469043152,0.14019160843335526
1601.7510944340213,0.1423738528205962
1602.7517198248904,0.144733733655147
1603.7523452157598,0.14727096600582607
1604.752970606629,0.1499851922062024
1605.7535959974985,0.15287597719403762
1606.7542213883676,0.1559428037602865
1607.754846779237,0.15918506772193547
1608.7554721701063,0.16260207303353882
1609.7560975609756,0.16619302685291154
1610.7567229518447,0.16995703457694986
1611.757348342714,0.17389309486407745
1612.7579737335834,0.17800009466025934
1613.7585991244528,0.18227680424598341
1614.759224515322,0.18672187232196685
1615.7598499061912,0.19133382115169817
1616.7604752970606,0.1961110417792243
1617.76110068793,0.20105178934081183
1618.7617260787993,0.2061541784893382
1619.7623514696684,0.21141617895037348
1620.7629768605377,0.2168356112290186
1621.763602251407,0.22241014248656302
1622.7642276422764,0.2281372826060274
1623.7648530331458,0.23401438046552178
1624.7654784240149,0.24003862043821242
1625.7661038148842,0.24620701913746787
1626.7667292057536,0.2525164224254441
1627.767354596623,0.2589635027030606
1628.767979987492,0.2655447564988516
1629.7686053783614,0.2722565023737351
1630.7692307692307,0.27909487915814957
1631.7698561601,0.2860558445374428
1632.7704815509692,0.2931351740006688
1633.7711069418385,0.30032846016723774
1634.7717323327079,0.3076311125050181
1635.7723577235772,0.31503835745266723
1636.7729831144466,0.3225452389579852
1637.7736085053157,0.3301466194431219
1638.774233896185,0.3378371812064205
1639.7748592870544,0.34561142826954344
1640.7754846779237,0.3534636886774305
1641.7761100687928,0.3613881172573711
1642.7767354596622,0.36937869884227365
1643.7773608505315,0.3774292519618689
1644.7779862414009,0.3855334330043184
1645.77861163227,0.393684740849267
1646.7792370231393,0.4018765219720307
1647.7798624140087,0.4101019760171359
1648.780487804878,0.41835416183804414
1649.7811131957474,0.42662600399837036
1650.7817385866165,0.4349102997284623
1651.7823639774858,0.4431997263297215
1652.7829893683552,0.4514868490175296
1653.7836147592245,0.45976412919222004
1654.7842401500936,0.4680239331259948
1655.784865540963,0.4762585410522786
1656.7854909318323,0.4844601566425077
1657.7861163227017,0.49262091685399906
1658.786741713571,0.500732902131097
1659.7873671044401,0.5087881469404777
1660.7879924953095,0.5167786506201838
1661.7886178861788,0.5246963885206586
1662.7892432770482,0.5325333234149079
1663.7898686679173,0.5402814171536876
1664.7904940587866,0.5479326425405838
1665.791119449656,0.5554789954007681
1666.7917448405253,0.5629125068163244
1667.7923702313944,0.5702252555001021
1668.7929956222638,0.5774093802792929
1669.7936210131331,0.5844570926591814
1670.7942464040025,0.5913606894369341
1671.7948717948718,0.5981125653347135
1672.795497185741,0.6047052256209839
1673.7961225766103,0.6111312986885346
1674.7967479674796,0.6173835485574651
1675.797373358349,0.6234548872712912
1676.797998749218,0.6293383871542209
1677.7986241400874,0.6350272928977637
1678.7992495309568,0.6405150334449536
1679.7998749218261,0.6457952336407865
1680.8005003126955,0.6508617256178
1681.8011257035646,0.6557085598862311
1682.801751094434,0.6603300160987616
1683.8023764853033,0.6647206134605279
1684.8030018761726,0.6688751207558948
1685.8036272670417,0.6727885659643318
1686.804252657911,0.6764562454387387
1687.8048780487804,0.6798737326206197
1688.8055034396498,0.6830368862676818
1689.806128830519,0.6859418581706643
1690.8067542213882,0.6885851003375447
1691.8073796122576,0.6909633716246579
1692.808005003127,0.6930737437957633
1693.8086303939963,0.6949136069916171
1694.8092557848654,0.6964806745942299
1695.8098811757347,0.6977729874716425
1696.810506566604,0.698788917590772
1697.8111319574734,0.6995271709876397
1698.8117573483426,0.6999867900860828
1699.812382739212,0.7001671553578868
1700.8130081300812,0.700067986319124
1701.8136335209506,0.6996893418593594
1702.8142589118197,0.6990316199022665
1703.814884302689,0.6980955563980875
1704.8155096935584,0.696882223650257
1705.8161350844277,0.6953930279803872
1706.816760475297,0.6936297067376764
1707.8173858661662,0.6915943246606464
1708.8180112570356,0.689289269600918
1709.818636647905,0.6867172476205254
1710.8192620387742,0.6838812774759896
1711.8198874296434,0.6807846845040699
1712.8205128205127,0.6774310939257429
1713.821138211382,0.6738244235865387
1714.8217636022514,0.6699688761528624
1715.8223889931207,0.6658689307853809
1716.8230143839899,0.6615293343119193
1717.8236397748592,0.6569550919235865
1718.8242651657285,0.6521514574190762
1719.824890556598,0.6471239230231737
1720.825515947467,0.6418782088065508
1721.8261413383364,0.6364202517348456
1722.8267667292057,0.6307561943758785
1723.827392120075,0.6248923732945573
1724.8280175109442,0.6188353071657002
1725.8286429018135,0.6125916846355024
1726.8292682926829,0.6061683519628425
1727.8298936835522,0.5995723004719005
1728.8305190744215,0.5928106538478303
1729.8311444652907,0.5858906553073218
1730.83176985616,0.5788196546759027
1731.8323952470294,0.5716050954037746
1732.8330206378987,0.56425450155174
1733.8336460287678,0.5567754647785443
1734.8342714196372,0.549175631360535
1735.8348968105065,0.5414626892741071
1736.8355222013759,0.5336443553707824
1737.836147592245,0.5257283626741723
1738.8367729831143,0.5177224478272896
1739.8373983739837,0.5096343387179048
1740.838023764853,0.5014717423086854
1741.8386491557224,0.49324233269794754
1742.8392745465915,0.4849537394357844
1743.8398999374608,0.4766135361192334
1744.8405253283302,0.4682292292890291
1745.8411507191995,0.459808247649215
1746.8417761100686,0.45135793162969834
1747.842401500938,0.442885523310482
1748.8430268918073,0.434398156725028
1749.8436522826767,0.42590284855876837
1750.844277673546,0.4174064892574585
1751.8449030644151,0.40891583455861336
1752.8455284552845,0.400437497457842
1753.8461538461538,0.3919779406204956
1754.8467792370232,0.3835434692475332
1755.8474046278923,0.3751402244031434
1756.8480300187616,0.36677417681016317
1757.848655409631,0.3584511211179727
1758.8492808005003,0.35017667064606134
1759.8499061913694,0.34195625260514534
1760.8505315822388,0.3337951037963003
1761.8511569731081,0.32569826678728975
1762.8517823639775,0.3176705865639052
1763.8524077548468,0.3097167076529338
1764.853033145716,0.30184107171211344
1765.8536585365853,0.29404791558125243
1766.8542839274546,0.2863412697876025
1767.854909318324,0.2787249574974247
1768.855534709193,0.2712025939047301
1769.8561601000624,0.2637775860471496
1770.8567854909318,0.2564531330380258
1771.8574108818011,0.24923222670289621
1772.8580362726702,0.24211765260780643
1773.8586616635396,0.23511199146610737
1774.859287054409,0.22821762090976555
1775.8599124452783,0.2214367176105464
1776.8605378361476,0.21477125973594363
1777.8611632270167,0.2082230297242099
1778.861788617886,0.2017936173624282
1779.8624140087554,0.19548442315123743
1780.8630393996248,0.18929666193947722
1781.8636647904939,0.1832313668118436
1782.8642901813632,0.1772893932124288
1783.8649155722326,0.1714714232869519
1784.865540963102,0.16577797042637843
1785.8661663539713,0.16020938399467924
1786.8667917448404,0.15476585422350658
1787.8674171357097,0.14944741725667643
1788.868042526579,0.14425396032752627
1789.8686679174484,0.13918522705238465
1790.8692933083175,0.13424082282368294
1791.8699186991869,0.12942022028650224
1792.8705440900562,0.1247227648827183
1793.8711694809256,0.12014768044723828
1794.8717948717947,0.11569407484127568
1795.872420262664,0.11136094560802014
1796.8730456535334,0.10714718563656088
1797.8736710444027,0.10305158882038458
1798.874296435272,0.09907285569732872
1799.8749218261412,0.09520959905839604
1800.8755472170105,0.09146034951340143
1801.8761726078799,0.08782356100201909
1802.8767979987492,0.08429761623936474
1803.8774233896183,0.08088083208587882
1804.8780487804877,0.07757146483187166
1805.878674171357,0.07436771538772939
1806.8792995622264,0.0712677343713746
1807.8799249530955,0.06826962708522859
1808.8805503439648,0.06537145837552308
1809.8811757348342,0.06257125736744577
1810.8818011257035,0.05986702207019745
1811.8824265165729,0.0572567238466657
1812.883051907442,0.05473831174300419
1813.8836772983113,0.05230971667399601
1814.8843026891807,0.04996885546066219
1815.88492808005,0.04771363471711858
1816.8855534709191,0.04554195458424892
1817.8861788617885,0.043451712308276075
1818.8868042526578,0.04144080566283535
1819.8874296435272,0.0395071362136328
1820.8880550343965,0.0376486124252569
1821.8886804252656,0.03586315261015635
1822.889305816135,0.03414868772022873
1823.8899312070043,0.032503163981881605
1824.8905565978737,0.030924545375801284
1825.8911819887428,0.02941081596304597
1826.8918073796121,0.027959982059409586
1827.8924327704815,0.026570074260335544
1828.8930581613508,0.025239149318943502
1829.89368355222,0.023965291880019557
1830.8943089430893,0.022746616073064933
1831.8949343339586,0.021581266967735945
1832.895559724828,0.02046742189520637
1833.8961851156973,0.01940329163918098
1834.8968105065665,0.018387121500448335
1835.8974358974358,0.017417192239006712
1836.8980612883051,0.016491820897926845
1837.8986866791745,0.015609361513212856
1838.8993120700436,0.014768205714017137
1839.899937460913,0.013966783217628531
1840.9005628517823,0.013203562223709057
1841.9011882426516,0.012477049712282359
1842.9018136335208,0.01178579165000304
1843.90243902439,0.01112837310923377
1844.9030644152595,0.010503418304451267
1845.9036898061288,0.009909590550472587
1846.9043151969981,0.009345592146961375
1847.9049405878673,0.008810164193621874
1848.9055659787366,0.008302086340429638
1849.906191369606,0.007820176477179764
1850.9068167604753,0.007363290366550227
1851.9074421513444,0.006930321224795103
1852.9080675422138,0.006520199254082875
1853.908692933083,0.0061318911303964215
1854.9093183239524,0.005764399450798626
1855.9099437148218,0.00541676214375721
1856.910569105691,0.005088051846101656
1857.9111944965603,0.004777375250062492
1858.9118198874296,0.004483872423718489
1859.912445278299,0.004206716108045963
1860.913070669168,0.003945110993636145
1861.9136960600374,0.0036982929800119975
1862.9143214509068,0.0034655284203443364
1863.914946841776,0.003246113354231096
1864.9155722326452,0.0030393727310717867
1865.9161976235146,0.002844659626434535
1866.916823014384,0.002661354453681988
1867.9174484052533,0.002488864172989741
1868.9180737961226,0.002326621499763453
1869.9186991869917,0.002174084114332491
1870.919324577861,0.0020307338746733293
1871.9199499687304,0.001896076033794482
1872.9205753595998,0.00176963846329419
1873.9212007504689,0.001650970884487287
1874.9218261413382,0.0015396441083839736
1875.9224515322076,0.0014352492856947257
1876.923076923077,0.0013373971679289738
1877.923702313946,0.0012457173805543867
1878.9243277048154,0.0011598577090847708
1879.9249530956847,0.0010794833988713628
1880.925578486554,0.0010042764692814363
1881.9262038774234,0.0009339350428629738
1882.9268292682925,0.0008681726900118415
1883.9274546591619,0.0008067177895801733
1884.9280800500312,0.0007493129057912004
1885.9287054409006,0.0006957141817555533
1886.9293308317697,0.0006456907498189136
1887.929956222639,0.000599024158908706
1888.9305816135084,0.0005555078189899937
1889.9312070043777,0.0005149464626862496
1890.931832395247,0.0004771556240706753
1891.9324577861162,0.0004419611345867912
1892.9330831769855,0.0004091986360138033
1893.9337085678549,0.0003787131103525855
1894.9343339587242,0.00035035842647136245
1895.9349593495933,0.00032399690331711984
1896.9355847404627,0.00029949888946830563
1897.936210131332,0.00027674235877728594
1898.9368355222014,0.00025561252182628585
1899.9374609130705,0.00023600145289897882
1900.9380863039398,0.00021780773215050438
1901.9387116948092,0.00020093610264202552
1902.9393370856785,0.00018529714189129774
1903.9399624765479,0.00017080694757858335
1904.940587867417,0.00015738683703690425
1905.9412132582863,0.00014496306014733418
1906.9418386491557,0.0001334665252535891
1907.942464040025,0.00012283253770528586
1908.9430894308941,0.00011300055063610199
1909.9437148217635,0.00010391392758125189
1910.9443402126328,9.551971653835102e-05
1911.9449656035022,8.776843507651028e-05
1912.9455909943713,8.061386610056634e-05
1913.9462163852406,7.401286388035296e-05
1914.94684177611,6.792516995893952e-05
1915.9474671669793,6.23132385585754e-05
1916.9480925578487,5.714207110875287e-05
1917.9487179487178,5.237905952709912e-05
1918.9493433395871,4.799383789073467e-05
1919.9499687304565,4.395814214324209e-05
1920.9505941213258,4.024567749028317e-05
1921.951219512195,3.683199314529107e-05
1922.9518449030643,3.3694364095316525e-05
1923.9524702939336,3.081167956609953e-05
1924.953095684803,2.816433787459622e-05
1925.9537210756723,2.5734147366593325e-05
1926.9543464665414,2.3504233146515414e-05
1927.9549718574108,2.1458949316118537e-05
1928.9555972482801,1.958379644839819e-05
1929.9562226391495,1.7865344032654032e-05
1930.9568480300186,1.6291157636281883e-05
1931.957473420888,1.4849730538399024e-05
1932.9580988117573,1.3530419599885175e-05
1933.9587242026266,1.2323385143765196e-05
1934.9593495934957,1.121953462909401e-05
1935.959974984365,1.0210469910565218e-05
1936.9606003752344,9.288437884973425e-06
1937.9612257661038,8.446284334364196e-06
1938.9618511569731,7.677410784229826e-06
1939.9624765478422,6.97573420340835e-06
1940.9631019387116,6.335649380428784e-06
1941.963727329581,5.7519938189036355e-06
1942.9643527204503,5.22001500218828e-06
1943.9649781113194,4.7353398849136e-06
1944.9656035021887,4.2939464761360455e-06
1945.966228893058,3.89213738574742e-06
1946.9668542839274,3.5265152124332385e-06
1947.9674796747966,3.193959657875679e-06
1948.968105065666,2.8916062580538273e-06
1949.9687304565352,2.616826628411214e-06
1950.9693558474046,2.367210125333188e-06
1951.969981238274,2.1405468318163194e-06
1952.970606629143,1.9348117804138366e-06
1953.9712320200124,1.7481503315156774e-06
1954.9718574108817,1.5788646297713749e-06
1955.972482801751,1.4254010659927255e-06
1956.9731081926202,1.2863386761903592e-06
1957.9737335834895,1.1603784135050566e-06
1958.974358974359,1.046333232701192e-06
1959.9749843652282,9.431189305982402e-07
1960.9756097560976,8.49745689337813e-07
1961.9762351469667,7.653102727199979e-07
1962.976860537836,6.889888290037752e-07
1963.9774859287054,6.200302565572609e-07
1964.9781113195747,5.577500915702449e-07
1965.9787367104439,5.015248797127107e-07
1966.9793621013132,4.5078699614255034e-07
1967.9799874921825,4.0501988064226744e-07
1968.980612883052,3.637536569024204e-07
1969.981238273921,3.2656110707702444e-07
1970.9818636647904,2.930539747173195e-07
1971.9824890556597,2.628795710527711e-07
1972.983114446529,2.357176613362319e-07
1973.9837398373984,2.112776096109152e-07
1974.9843652282675,1.8929576179445315e-07
1975.9849906191369,1.6953304841582028e-07
1976.9856160100062,1.517727896893695e-07
1977.9862414008755,1.3581868687109695e-07
1978.9868667917447,1.2149298502105273e-07
1979.987492182614,1.0863479339637605e-07
1980.9881175734834,9.709855072669123e-08
1981.9887429643527,8.675262358135794e-08
1982.9893683552218,7.74780269307508e-08
1983.9899937460912,6.916725683483051e-08
1984.9906191369605,6.172322596572825e-08
1985.9912445278298,5.505829339015907e-08
1986.9918699186992,4.909338070581925e-08
1987.9924953095683,4.375716724639439e-08
1988.9931207004377,3.898535764564193e-08
1989.993746091307,3.472001558497568e-08
1990.9943714821763,3.0908958043752344e-08
1991.9949968730455,2.750520482971937e-08
1992.9956222639148,2.4466478591112397e-08
1993.9962476547842,2.1754750904093684e-08
1994.9968730456535,1.9335830391666566e-08
1995.9974984365228,1.7178989165005513e-08
1996.998123827392,1.5256624187143143e-08
1997.9987492182613,1.3543950444003373e-08
1998.9993746091307,1.2018723070547744e-08
2000.0,1.0660985821865862e-08
